X,Y,Type
0,0,Wall
10,0,Wall
20,0,Wall
30,0,Wall
40,0,Wall
50,0,Wall
60,0,Wall
70,0,Wall
80,0,Wall
90,0,Wall
100,0,Wall
110,0,Wall
120,0,Wall
130,0,Wall
140,0,Wall
150,0,Wall
160,0,Wall
170,0,Wall
180,0,Wall
190,0,Wall
200,0,Wall
210,0,Wall
220,0,Wall
230,0,Wall
240,0,Wall
250,0,Wall
260,0,Wall
270,0,Wall
280,0,Wall
290,0,Wall
300,0,Wall
310,0,Wall
320,0,Wall
330,0,Wall
340,0,Wall
350,0,Wall
360,0,Wall
370,0,Wall
380,0,Wall
390,0,Wall
400,0,Wall
410,0,Wall
420,0,Wall
430,0,Wall
440,0,Wall
450,0,Wall
460,0,Wall
470,0,Wall
480,0,Wall
490,0,Wall
500,0,Wall
510,0,Wall
520,0,Wall
530,0,Wall
540,0,Wall
550,0,Wall
560,0,Wall
570,0,Wall
580,0,Wall
590,0,Wall
600,0,Wall
610,0,Wall
620,0,Wall
630,0,Wall
640,0,Wall
650,0,Wall
660,0,Wall
670,0,Wall
680,0,Wall
690,0,Wall
700,0,Wall
710,0,Wall
720,0,Wall
730,0,Wall
740,0,Wall
750,0,Wall
760,0,Wall
770,0,Wall
780,0,Wall
790,0,Wall
800,0,Wall
810,0,Wall
820,0,Wall
830,0,Wall
840,0,Wall
850,0,Wall
860,0,Wall
870,0,Wall
880,0,Wall
890,0,Wall
900,0,Wall
910,0,Wall
920,0,Wall
930,0,Wall
940,0,Wall
950,0,Wall
960,0,Wall
970,0,Wall
980,0,Wall
990,0,Wall
1000,0,Wall
1010,0,Wall
1020,0,Wall
1030,0,Wall
1040,0,Wall
1050,0,Wall
1060,0,Wall
1070,0,Wall
1080,0,Wall
1090,0,Wall
1100,0,Wall
1110,0,Wall
1120,0,Wall
1130,0,Wall
1140,0,Wall
1150,0,Wall
1160,0,Wall
1170,0,Wall
1180,0,Wall
1190,0,Wall
1200,0,Wall
1210,0,Wall
1220,0,Wall
1230,0,Wall
1240,0,Wall
1250,0,Wall
1260,0,Wall
1270,0,Wall
1280,0,Wall
1290,0,Wall
1300,0,Wall
1310,0,Wall
1320,0,Wall
1330,0,Wall
1340,0,Wall
1350,0,Wall
1360,0,Wall
1370,0,Wall
1380,0,Wall
1390,0,Wall
1400,0,Wall
1410,0,Wall
1420,0,Wall
1430,0,Wall
1440,0,Wall
1450,0,Wall
1460,0,Wall
1470,0,Wall
1480,0,Wall
1490,0,Wall
1500,0,Wall
1510,0,Wall
1520,0,Wall
1530,0,Wall
1540,0,Wall
1550,0,Wall
1560,0,Wall
1570,0,Wall
1580,0,Wall
1590,0,Wall
0,10,Wall
10,10,Wall
20,10,Wall
30,10,Wall
40,10,Wall
50,10,Wall
60,10,Wall
70,10,Wall
80,10,Wall
90,10,Wall
100,10,Wall
110,10,Wall
120,10,Wall
130,10,Wall
140,10,Wall
150,10,Wall
160,10,Wall
170,10,Wall
180,10,Wall
190,10,Wall
200,10,Wall
210,10,Wall
220,10,Wall
230,10,Wall
240,10,Wall
250,10,Wall
260,10,Wall
270,10,Wall
280,10,Wall
290,10,Wall
300,10,Wall
310,10,Wall
320,10,Wall
330,10,Wall
340,10,Wall
350,10,Wall
360,10,Wall
370,10,Wall
380,10,Wall
390,10,Wall
400,10,Wall
410,10,Wall
420,10,Wall
430,10,Wall
440,10,Wall
450,10,Wall
460,10,Wall
470,10,Wall
480,10,Wall
490,10,Wall
500,10,Wall
510,10,Wall
520,10,Wall
530,10,Wall
540,10,Wall
550,10,Wall
560,10,Wall
570,10,Wall
580,10,Wall
590,10,Wall
600,10,Wall
610,10,Wall
620,10,Wall
630,10,Wall
640,10,Wall
650,10,Wall
660,10,Wall
670,10,Wall
680,10,Wall
690,10,Wall
700,10,Wall
710,10,Wall
720,10,Wall
730,10,Wall
740,10,Wall
750,10,Wall
760,10,Wall
770,10,Wall
780,10,Wall
790,10,Wall
800,10,Wall
810,10,Wall
820,10,Wall
830,10,Wall
840,10,Wall
850,10,Wall
860,10,Wall
870,10,Wall
880,10,Wall
890,10,Wall
900,10,Wall
910,10,Wall
920,10,Wall
930,10,Wall
940,10,Wall
950,10,Wall
960,10,Wall
970,10,Wall
980,10,Wall
990,10,Wall
1000,10,Wall
1010,10,Wall
1020,10,Wall
1030,10,Wall
1040,10,Wall
1050,10,Wall
1060,10,Wall
1070,10,Wall
1080,10,Wall
1090,10,Wall
1100,10,Wall
1110,10,Wall
1120,10,Wall
1130,10,Wall
1140,10,Wall
1150,10,Wall
1160,10,Wall
1170,10,Wall
1180,10,Wall
1190,10,Wall
1200,10,Wall
1210,10,Wall
1220,10,Wall
1230,10,Wall
1240,10,Wall
1250,10,Wall
1260,10,Wall
1270,10,Wall
1280,10,Wall
1290,10,Wall
1300,10,Wall
1310,10,Wall
1320,10,Wall
1330,10,Wall
1340,10,Wall
1350,10,Wall
1360,10,Wall
1370,10,Wall
1380,10,Wall
1390,10,Wall
1400,10,Wall
1410,10,Wall
1420,10,Wall
1430,10,Wall
1440,10,Wall
1450,10,Wall
1460,10,Wall
1470,10,Wall
1480,10,Wall
1490,10,Wall
1500,10,Wall
1510,10,Wall
1520,10,Wall
1530,10,Wall
1540,10,Wall
1550,10,Wall
1560,10,Wall
1570,10,Wall
1580,10,Wall
1590,10,Wall
0,20,Wall
10,20,Wall
20,20,Wall
30,20,Wall
40,20,Wall
50,20,Wall
60,20,Wall
70,20,Wall
80,20,Wall
90,20,Wall
100,20,Wall
110,20,Wall
120,20,Wall
130,20,Wall
140,20,Wall
150,20,Wall
160,20,Wall
170,20,Wall
180,20,Wall
190,20,Wall
200,20,Wall
210,20,Wall
220,20,Wall
230,20,Wall
240,20,Wall
250,20,Wall
260,20,Wall
270,20,Wall
280,20,Wall
290,20,Wall
300,20,Wall
310,20,Wall
320,20,Wall
330,20,Wall
340,20,Wall
350,20,Wall
360,20,Wall
370,20,Wall
380,20,Wall
390,20,Wall
400,20,Wall
410,20,Wall
420,20,Wall
430,20,Wall
440,20,Wall
450,20,Wall
460,20,Wall
470,20,Wall
480,20,Wall
490,20,Wall
500,20,Wall
510,20,Wall
520,20,Wall
530,20,Wall
540,20,Wall
550,20,Wall
560,20,Wall
570,20,Wall
580,20,Wall
590,20,Wall
600,20,Wall
610,20,Wall
620,20,Wall
630,20,Wall
640,20,Wall
650,20,Wall
660,20,Wall
670,20,Wall
680,20,Wall
690,20,Wall
700,20,Wall
710,20,Wall
720,20,Wall
730,20,Wall
740,20,Wall
750,20,Wall
760,20,Wall
770,20,Wall
780,20,Wall
790,20,Wall
800,20,Wall
810,20,Wall
820,20,Wall
830,20,Wall
840,20,Wall
850,20,Wall
860,20,Wall
870,20,Wall
880,20,Wall
890,20,Wall
900,20,Wall
910,20,Wall
920,20,Wall
930,20,Wall
940,20,Wall
950,20,Wall
960,20,Wall
970,20,Wall
980,20,Wall
990,20,Wall
1000,20,Wall
1010,20,Wall
1020,20,Wall
1030,20,Wall
1040,20,Wall
1050,20,Wall
1060,20,Wall
1070,20,Wall
1080,20,Wall
1090,20,Wall
1100,20,Wall
1110,20,Wall
1120,20,Wall
1130,20,Wall
1140,20,Wall
1150,20,Wall
1160,20,Wall
1170,20,Wall
1180,20,Wall
1190,20,Wall
1200,20,Wall
1210,20,Wall
1220,20,Wall
1230,20,Wall
1240,20,Wall
1250,20,Wall
1260,20,Wall
1270,20,Wall
1280,20,Wall
1290,20,Wall
1300,20,Wall
1310,20,Wall
1320,20,Wall
1330,20,Wall
1340,20,Wall
1350,20,Wall
1360,20,Wall
1370,20,Wall
1380,20,Wall
1390,20,Wall
1400,20,Wall
1410,20,Wall
1420,20,Wall
1430,20,Wall
1440,20,Wall
1450,20,Wall
1460,20,Wall
1470,20,Wall
1480,20,Wall
1490,20,Wall
1500,20,Wall
1510,20,Wall
1520,20,Wall
1530,20,Wall
1540,20,Wall
1550,20,Wall
1560,20,Wall
1570,20,Wall
1580,20,Wall
1590,20,Wall
0,30,Wall
10,30,Wall
20,30,Wall
30,30,Wall
40,30,Wall
50,30,Wall
60,30,Wall
70,30,Wall
80,30,Wall
90,30,Wall
100,30,Wall
110,30,Wall
120,30,Wall
130,30,Wall
140,30,Wall
150,30,Wall
160,30,Wall
170,30,Wall
180,30,Wall
190,30,Wall
200,30,Wall
210,30,Wall
220,30,Wall
230,30,Wall
240,30,Wall
250,30,Wall
260,30,Wall
270,30,Wall
280,30,Wall
290,30,Wall
300,30,Wall
310,30,Wall
320,30,Wall
330,30,Wall
340,30,Wall
350,30,Wall
360,30,Wall
370,30,Wall
380,30,Wall
390,30,Wall
400,30,Wall
410,30,Wall
420,30,Wall
430,30,Wall
440,30,Wall
450,30,Wall
460,30,Wall
470,30,Wall
480,30,Wall
490,30,Wall
500,30,Wall
510,30,Wall
520,30,Wall
530,30,Wall
540,30,Wall
550,30,Wall
560,30,Wall
570,30,Wall
580,30,Wall
590,30,Wall
600,30,Wall
610,30,Wall
620,30,Wall
630,30,Wall
640,30,Wall
650,30,Wall
660,30,Wall
670,30,Wall
680,30,Wall
690,30,Wall
700,30,Wall
710,30,Wall
720,30,Wall
730,30,Wall
740,30,Wall
750,30,Wall
760,30,Wall
770,30,Wall
780,30,Wall
790,30,Wall
800,30,Wall
810,30,Wall
820,30,Wall
830,30,Wall
840,30,Wall
850,30,Wall
860,30,Wall
870,30,Wall
880,30,Wall
890,30,Wall
900,30,Wall
910,30,Wall
920,30,Wall
930,30,Wall
940,30,Wall
950,30,Wall
960,30,Wall
970,30,Wall
980,30,Wall
990,30,Wall
1000,30,Wall
1010,30,Wall
1020,30,Wall
1030,30,Wall
1040,30,Wall
1050,30,Wall
1060,30,Wall
1070,30,Wall
1080,30,Wall
1090,30,Wall
1100,30,Wall
1110,30,Wall
1120,30,Wall
1130,30,Wall
1140,30,Wall
1150,30,Wall
1160,30,Wall
1170,30,Wall
1180,30,Wall
1190,30,Wall
1200,30,Wall
1210,30,Wall
1220,30,Wall
1230,30,Wall
1240,30,Wall
1250,30,Wall
1260,30,Wall
1270,30,Wall
1280,30,Wall
1290,30,Wall
1300,30,Wall
1310,30,Wall
1320,30,Wall
1330,30,Wall
1340,30,Wall
1350,30,Wall
1360,30,Wall
1370,30,Wall
1380,30,Wall
1390,30,Wall
1400,30,Wall
1410,30,Wall
1420,30,Wall
1430,30,Wall
1440,30,Wall
1450,30,Wall
1460,30,Wall
1470,30,Wall
1480,30,Wall
1490,30,Wall
1500,30,Wall
1510,30,Wall
1520,30,Wall
1530,30,Wall
1540,30,Wall
1550,30,Wall
1560,30,Wall
1570,30,Wall
1580,30,Wall
1590,30,Wall
0,40,Wall
10,40,Wall
20,40,Wall
30,40,Wall
40,40,Wall
50,40,Wall
60,40,Wall
70,40,Wall
80,40,Wall
90,40,Wall
100,40,Wall
110,40,Wall
120,40,Wall
130,40,Wall
140,40,Wall
150,40,Wall
160,40,Wall
170,40,Wall
180,40,Wall
190,40,Wall
200,40,Wall
210,40,Wall
220,40,Wall
230,40,Wall
240,40,Wall
250,40,Wall
260,40,Wall
270,40,Wall
280,40,Wall
290,40,Wall
300,40,Wall
310,40,Wall
320,40,Wall
330,40,Wall
340,40,Wall
350,40,Wall
360,40,Wall
370,40,Wall
380,40,Wall
390,40,Wall
400,40,Wall
410,40,Wall
420,40,Wall
430,40,Wall
440,40,Wall
450,40,Wall
460,40,Wall
470,40,Wall
480,40,Wall
490,40,Wall
500,40,Wall
510,40,Wall
520,40,Wall
530,40,Wall
540,40,Wall
550,40,Wall
560,40,Wall
570,40,Wall
580,40,Wall
590,40,Wall
600,40,Wall
610,40,Wall
620,40,Wall
630,40,Wall
640,40,Wall
650,40,Wall
660,40,Wall
670,40,Wall
680,40,Wall
690,40,Wall
700,40,Wall
710,40,Wall
720,40,Wall
730,40,Wall
740,40,Wall
750,40,Wall
760,40,Wall
770,40,Wall
780,40,Wall
790,40,Wall
800,40,Wall
810,40,Wall
820,40,Wall
830,40,Wall
840,40,Wall
850,40,Wall
860,40,Wall
870,40,Wall
880,40,Wall
890,40,Wall
900,40,Wall
910,40,Wall
920,40,Wall
930,40,Route
940,40,Route
950,40,Route
960,40,Finish
970,40,Route
980,40,Route
990,40,Route
1000,40,Wall
1010,40,Wall
1020,40,Wall
1030,40,Wall
1040,40,Wall
1050,40,Wall
1060,40,Wall
1070,40,Wall
1080,40,Wall
1090,40,Wall
1100,40,Wall
1110,40,Wall
1120,40,Wall
1130,40,Wall
1140,40,Wall
1150,40,Wall
1160,40,Wall
1170,40,Wall
1180,40,Wall
1190,40,Wall
1200,40,Wall
1210,40,Wall
1220,40,Wall
1230,40,Wall
1240,40,Wall
1250,40,Wall
1260,40,Wall
1270,40,Wall
1280,40,Wall
1290,40,Wall
1300,40,Wall
1310,40,Wall
1320,40,Wall
1330,40,Wall
1340,40,Wall
1350,40,Wall
1360,40,Wall
1370,40,Wall
1380,40,Wall
1390,40,Wall
1400,40,Wall
1410,40,Wall
1420,40,Wall
1430,40,Wall
1440,40,Wall
1450,40,Wall
1460,40,Wall
1470,40,Wall
1480,40,Wall
1490,40,Wall
1500,40,Wall
1510,40,Wall
1520,40,Wall
1530,40,Wall
1540,40,Wall
1550,40,Wall
1560,40,Wall
1570,40,Wall
1580,40,Wall
1590,40,Wall
0,50,Wall
10,50,Wall
20,50,Wall
30,50,Wall
40,50,Wall
50,50,Wall
60,50,Wall
70,50,Wall
80,50,Wall
90,50,Wall
100,50,Wall
110,50,Wall
120,50,Wall
130,50,Wall
140,50,Wall
150,50,Wall
160,50,Wall
170,50,Wall
180,50,Wall
190,50,Wall
200,50,Wall
210,50,Wall
220,50,Wall
230,50,Wall
240,50,Wall
250,50,Wall
260,50,Wall
270,50,Wall
280,50,Wall
290,50,Wall
300,50,Wall
310,50,Wall
320,50,Wall
330,50,Wall
340,50,Wall
350,50,Wall
360,50,Wall
370,50,Wall
380,50,Wall
390,50,Wall
400,50,Wall
410,50,Wall
420,50,Wall
430,50,Wall
440,50,Wall
450,50,Wall
460,50,Wall
470,50,Wall
480,50,Wall
490,50,Wall
500,50,Wall
510,50,Wall
520,50,Wall
530,50,Wall
540,50,Wall
550,50,Wall
560,50,Wall
570,50,Wall
580,50,Wall
590,50,Wall
600,50,Wall
610,50,Wall
620,50,Wall
630,50,Wall
640,50,Wall
650,50,Wall
660,50,Wall
670,50,Wall
680,50,Wall
690,50,Wall
700,50,Wall
710,50,Wall
720,50,Wall
730,50,Wall
740,50,Wall
750,50,Wall
760,50,Wall
770,50,Wall
780,50,Wall
790,50,Wall
800,50,Wall
810,50,Wall
820,50,Wall
830,50,Wall
840,50,Wall
850,50,Wall
860,50,Wall
870,50,Wall
880,50,Wall
890,50,Wall
900,50,Wall
910,50,Wall
920,50,Wall
930,50,Route
940,50,Route
950,50,Route
960,50,Route
970,50,Route
980,50,Route
990,50,Route
1000,50,Wall
1010,50,Wall
1020,50,Wall
1030,50,Wall
1040,50,Wall
1050,50,Wall
1060,50,Wall
1070,50,Wall
1080,50,Wall
1090,50,Wall
1100,50,Wall
1110,50,Wall
1120,50,Wall
1130,50,Wall
1140,50,Wall
1150,50,Wall
1160,50,Wall
1170,50,Wall
1180,50,Wall
1190,50,Wall
1200,50,Wall
1210,50,Wall
1220,50,Wall
1230,50,Wall
1240,50,Wall
1250,50,Wall
1260,50,Wall
1270,50,Wall
1280,50,Wall
1290,50,Wall
1300,50,Wall
1310,50,Wall
1320,50,Wall
1330,50,Wall
1340,50,Wall
1350,50,Wall
1360,50,Wall
1370,50,Wall
1380,50,Wall
1390,50,Wall
1400,50,Wall
1410,50,Wall
1420,50,Wall
1430,50,Wall
1440,50,Wall
1450,50,Wall
1460,50,Wall
1470,50,Wall
1480,50,Wall
1490,50,Wall
1500,50,Wall
1510,50,Wall
1520,50,Wall
1530,50,Wall
1540,50,Wall
1550,50,Wall
1560,50,Wall
1570,50,Wall
1580,50,Wall
1590,50,Wall
0,60,Wall
10,60,Wall
20,60,Wall
30,60,Wall
40,60,Wall
50,60,Wall
60,60,Wall
70,60,Wall
80,60,Wall
90,60,Wall
100,60,Wall
110,60,Wall
120,60,Wall
130,60,Wall
140,60,Wall
150,60,Wall
160,60,Wall
170,60,Wall
180,60,Wall
190,60,Wall
200,60,Wall
210,60,Wall
220,60,Wall
230,60,Wall
240,60,Wall
250,60,Wall
260,60,Wall
270,60,Wall
280,60,Wall
290,60,Wall
300,60,Wall
310,60,Wall
320,60,Wall
330,60,Wall
340,60,Wall
350,60,Wall
360,60,Wall
370,60,Wall
380,60,Wall
390,60,Wall
400,60,Wall
410,60,Wall
420,60,Wall
430,60,Wall
440,60,Wall
450,60,Wall
460,60,Wall
470,60,Wall
480,60,Wall
490,60,Wall
500,60,Wall
510,60,Wall
520,60,Wall
530,60,Wall
540,60,Wall
550,60,Wall
560,60,Wall
570,60,Wall
580,60,Wall
590,60,Wall
600,60,Wall
610,60,Wall
620,60,Wall
630,60,Wall
640,60,Wall
650,60,Wall
660,60,Wall
670,60,Wall
680,60,Wall
690,60,Wall
700,60,Wall
710,60,Wall
720,60,Wall
730,60,Wall
740,60,Wall
750,60,Wall
760,60,Wall
770,60,Wall
780,60,Wall
790,60,Wall
800,60,Wall
810,60,Wall
820,60,Wall
830,60,Wall
840,60,Wall
850,60,Wall
860,60,Wall
870,60,Wall
880,60,Wall
890,60,Wall
900,60,Wall
910,60,Wall
920,60,Wall
930,60,Route
940,60,Route
950,60,Route
960,60,Treasure
970,60,Route
980,60,Route
990,60,Route
1000,60,Wall
1010,60,Wall
1020,60,Wall
1030,60,Wall
1040,60,Wall
1050,60,Wall
1060,60,Wall
1070,60,Wall
1080,60,Wall
1090,60,Wall
1100,60,Wall
1110,60,Wall
1120,60,Wall
1130,60,Wall
1140,60,Wall
1150,60,Wall
1160,60,Wall
1170,60,Wall
1180,60,Wall
1190,60,Wall
1200,60,Wall
1210,60,Wall
1220,60,Wall
1230,60,Wall
1240,60,Wall
1250,60,Wall
1260,60,Wall
1270,60,Wall
1280,60,Wall
1290,60,Wall
1300,60,Wall
1310,60,Wall
1320,60,Wall
1330,60,Wall
1340,60,Wall
1350,60,Wall
1360,60,Wall
1370,60,Wall
1380,60,Wall
1390,60,Wall
1400,60,Wall
1410,60,Wall
1420,60,Wall
1430,60,Wall
1440,60,Wall
1450,60,Wall
1460,60,Wall
1470,60,Wall
1480,60,Wall
1490,60,Wall
1500,60,Wall
1510,60,Wall
1520,60,Wall
1530,60,Wall
1540,60,Wall
1550,60,Wall
1560,60,Wall
1570,60,Wall
1580,60,Wall
1590,60,Wall
0,70,Wall
10,70,Wall
20,70,Wall
30,70,Wall
40,70,Wall
50,70,Wall
60,70,Wall
70,70,Wall
80,70,Wall
90,70,Wall
100,70,Wall
110,70,Wall
120,70,Wall
130,70,Wall
140,70,Wall
150,70,Wall
160,70,Wall
170,70,Wall
180,70,Wall
190,70,Wall
200,70,Wall
210,70,Wall
220,70,Wall
230,70,Wall
240,70,Wall
250,70,Wall
260,70,Wall
270,70,Wall
280,70,Wall
290,70,Wall
300,70,Wall
310,70,Wall
320,70,Wall
330,70,Wall
340,70,Wall
350,70,Wall
360,70,Wall
370,70,Wall
380,70,Wall
390,70,Wall
400,70,Wall
410,70,Wall
420,70,Wall
430,70,Wall
440,70,Wall
450,70,Wall
460,70,Wall
470,70,Wall
480,70,Wall
490,70,Wall
500,70,Wall
510,70,Wall
520,70,Wall
530,70,Wall
540,70,Wall
550,70,Wall
560,70,Wall
570,70,Wall
580,70,Wall
590,70,Wall
600,70,Wall
610,70,Wall
620,70,Wall
630,70,Wall
640,70,Wall
650,70,Wall
660,70,Wall
670,70,Wall
680,70,Wall
690,70,Wall
700,70,Wall
710,70,Wall
720,70,Wall
730,70,Wall
740,70,Wall
750,70,Wall
760,70,Wall
770,70,Wall
780,70,Wall
790,70,Wall
800,70,Wall
810,70,Wall
820,70,Wall
830,70,Wall
840,70,Wall
850,70,Wall
860,70,Wall
870,70,Wall
880,70,Wall
890,70,Wall
900,70,Wall
910,70,Wall
920,70,Wall
930,70,Route
940,70,Route
950,70,Route
960,70,Route
970,70,Route
980,70,Route
990,70,Route
1000,70,Wall
1010,70,Wall
1020,70,Wall
1030,70,Wall
1040,70,Wall
1050,70,Wall
1060,70,Wall
1070,70,Wall
1080,70,Wall
1090,70,Wall
1100,70,Wall
1110,70,Wall
1120,70,Wall
1130,70,Wall
1140,70,Wall
1150,70,Wall
1160,70,Wall
1170,70,Wall
1180,70,Wall
1190,70,Wall
1200,70,Wall
1210,70,Wall
1220,70,Wall
1230,70,Wall
1240,70,Wall
1250,70,Wall
1260,70,Wall
1270,70,Wall
1280,70,Wall
1290,70,Wall
1300,70,Wall
1310,70,Wall
1320,70,Wall
1330,70,Wall
1340,70,Wall
1350,70,Wall
1360,70,Wall
1370,70,Wall
1380,70,Wall
1390,70,Wall
1400,70,Wall
1410,70,Wall
1420,70,Wall
1430,70,Wall
1440,70,Wall
1450,70,Wall
1460,70,Wall
1470,70,Wall
1480,70,Wall
1490,70,Wall
1500,70,Wall
1510,70,Wall
1520,70,Wall
1530,70,Wall
1540,70,Wall
1550,70,Wall
1560,70,Wall
1570,70,Wall
1580,70,Wall
1590,70,Wall
0,80,Wall
10,80,Wall
20,80,Wall
30,80,Wall
40,80,Wall
50,80,Wall
60,80,Wall
70,80,Wall
80,80,Wall
90,80,Wall
100,80,Wall
110,80,Wall
120,80,Wall
130,80,Wall
140,80,Wall
150,80,Wall
160,80,Wall
170,80,Wall
180,80,Wall
190,80,Wall
200,80,Wall
210,80,Wall
220,80,Wall
230,80,Wall
240,80,Wall
250,80,Wall
260,80,Wall
270,80,Wall
280,80,Wall
290,80,Wall
300,80,Wall
310,80,Wall
320,80,Wall
330,80,Wall
340,80,Wall
350,80,Wall
360,80,Wall
370,80,Wall
380,80,Wall
390,80,Wall
400,80,Wall
410,80,Wall
420,80,Wall
430,80,Wall
440,80,Wall
450,80,Wall
460,80,Wall
470,80,Wall
480,80,Wall
490,80,Wall
500,80,Wall
510,80,Wall
520,80,Wall
530,80,Wall
540,80,Wall
550,80,Wall
560,80,Wall
570,80,Wall
580,80,Wall
590,80,Wall
600,80,Wall
610,80,Wall
620,80,Wall
630,80,Wall
640,80,Wall
650,80,Wall
660,80,Wall
670,80,Wall
680,80,Wall
690,80,Wall
700,80,Wall
710,80,Wall
720,80,Wall
730,80,Wall
740,80,Wall
750,80,Wall
760,80,Wall
770,80,Wall
780,80,Wall
790,80,Wall
800,80,Wall
810,80,Wall
820,80,Wall
830,80,Wall
840,80,Wall
850,80,Wall
860,80,Wall
870,80,Wall
880,80,Wall
890,80,Wall
900,80,Wall
910,80,Wall
920,80,Route
930,80,Route
940,80,Route
950,80,Route
960,80,Route
970,80,Route
980,80,Route
990,80,Route
1000,80,Route
1010,80,Wall
1020,80,Wall
1030,80,Wall
1040,80,Wall
1050,80,Wall
1060,80,Wall
1070,80,Wall
1080,80,Wall
1090,80,Wall
1100,80,Wall
1110,80,Wall
1120,80,Wall
1130,80,Wall
1140,80,Wall
1150,80,Wall
1160,80,Wall
1170,80,Wall
1180,80,Wall
1190,80,Wall
1200,80,Wall
1210,80,Wall
1220,80,Wall
1230,80,Wall
1240,80,Wall
1250,80,Wall
1260,80,Wall
1270,80,Wall
1280,80,Wall
1290,80,Wall
1300,80,Wall
1310,80,Wall
1320,80,Wall
1330,80,Wall
1340,80,Wall
1350,80,Wall
1360,80,Wall
1370,80,Wall
1380,80,Wall
1390,80,Wall
1400,80,Wall
1410,80,Wall
1420,80,Wall
1430,80,Wall
1440,80,Wall
1450,80,Wall
1460,80,Wall
1470,80,Wall
1480,80,Wall
1490,80,Wall
1500,80,Wall
1510,80,Wall
1520,80,Wall
1530,80,Wall
1540,80,Wall
1550,80,Wall
1560,80,Wall
1570,80,Wall
1580,80,Wall
1590,80,Wall
0,90,Wall
10,90,Wall
20,90,Wall
30,90,Wall
40,90,Wall
50,90,Wall
60,90,Wall
70,90,Wall
80,90,Wall
90,90,Wall
100,90,Wall
110,90,Wall
120,90,Wall
130,90,Wall
140,90,Wall
150,90,Wall
160,90,Wall
170,90,Wall
180,90,Wall
190,90,Wall
200,90,Wall
210,90,Wall
220,90,Wall
230,90,Wall
240,90,Wall
250,90,Wall
260,90,Wall
270,90,Wall
280,90,Wall
290,90,Wall
300,90,Wall
310,90,Wall
320,90,Wall
330,90,Wall
340,90,Wall
350,90,Wall
360,90,Wall
370,90,Wall
380,90,Wall
390,90,Wall
400,90,Wall
410,90,Wall
420,90,Wall
430,90,Wall
440,90,Wall
450,90,Wall
460,90,Wall
470,90,Wall
480,90,Wall
490,90,Wall
500,90,Wall
510,90,Wall
520,90,Wall
530,90,Wall
540,90,Wall
550,90,Wall
560,90,Wall
570,90,Wall
580,90,Wall
590,90,Wall
600,90,Wall
610,90,Wall
620,90,Wall
630,90,Wall
640,90,Wall
650,90,Wall
660,90,Wall
670,90,Wall
680,90,Wall
690,90,Wall
700,90,Wall
710,90,Wall
720,90,Wall
730,90,Wall
740,90,Wall
750,90,Wall
760,90,Wall
770,90,Wall
780,90,Wall
790,90,Wall
800,90,Wall
810,90,Wall
820,90,Wall
830,90,Wall
840,90,Wall
850,90,Wall
860,90,Wall
870,90,Wall
880,90,Wall
890,90,Wall
900,90,Wall
910,90,Route
920,90,Route
930,90,Route
940,90,Route
950,90,Route
960,90,Route
970,90,Route
980,90,Route
990,90,Route
1000,90,Route
1010,90,Route
1020,90,Wall
1030,90,Wall
1040,90,Wall
1050,90,Wall
1060,90,Wall
1070,90,Wall
1080,90,Wall
1090,90,Wall
1100,90,Wall
1110,90,Wall
1120,90,Wall
1130,90,Wall
1140,90,Wall
1150,90,Wall
1160,90,Wall
1170,90,Wall
1180,90,Wall
1190,90,Wall
1200,90,Wall
1210,90,Wall
1220,90,Wall
1230,90,Wall
1240,90,Wall
1250,90,Wall
1260,90,Wall
1270,90,Wall
1280,90,Wall
1290,90,Wall
1300,90,Wall
1310,90,Wall
1320,90,Wall
1330,90,Wall
1340,90,Wall
1350,90,Wall
1360,90,Wall
1370,90,Wall
1380,90,Wall
1390,90,Wall
1400,90,Wall
1410,90,Wall
1420,90,Wall
1430,90,Wall
1440,90,Wall
1450,90,Wall
1460,90,Wall
1470,90,Wall
1480,90,Wall
1490,90,Wall
1500,90,Wall
1510,90,Wall
1520,90,Wall
1530,90,Wall
1540,90,Wall
1550,90,Wall
1560,90,Wall
1570,90,Wall
1580,90,Wall
1590,90,Wall
0,100,Wall
10,100,Wall
20,100,Wall
30,100,Wall
40,100,Wall
50,100,Wall
60,100,Wall
70,100,Wall
80,100,Wall
90,100,Wall
100,100,Wall
110,100,Wall
120,100,Wall
130,100,Wall
140,100,Wall
150,100,Wall
160,100,Wall
170,100,Wall
180,100,Wall
190,100,Wall
200,100,Wall
210,100,Wall
220,100,Wall
230,100,Wall
240,100,Wall
250,100,Wall
260,100,Wall
270,100,Wall
280,100,Wall
290,100,Wall
300,100,Wall
310,100,Wall
320,100,Wall
330,100,Wall
340,100,Wall
350,100,Wall
360,100,Wall
370,100,Wall
380,100,Wall
390,100,Wall
400,100,Wall
410,100,Wall
420,100,Wall
430,100,Wall
440,100,Wall
450,100,Wall
460,100,Wall
470,100,Wall
480,100,Wall
490,100,Wall
500,100,Wall
510,100,Wall
520,100,Wall
530,100,Wall
540,100,Wall
550,100,Wall
560,100,Wall
570,100,Wall
580,100,Wall
590,100,Wall
600,100,Wall
610,100,Wall
620,100,Wall
630,100,Wall
640,100,Wall
650,100,Wall
660,100,Wall
670,100,Wall
680,100,Wall
690,100,Wall
700,100,Wall
710,100,Wall
720,100,Wall
730,100,Wall
740,100,Wall
750,100,Wall
760,100,Wall
770,100,Wall
780,100,Wall
790,100,Wall
800,100,Route
810,100,Route
820,100,Route
830,100,Route
840,100,Wall
850,100,Wall
860,100,Wall
870,100,Route
880,100,Route
890,100,Route
900,100,Route
910,100,Route
920,100,Route
930,100,Route
940,100,Route
950,100,Route
960,100,Route
970,100,Route
980,100,Route
990,100,Route
1000,100,Route
1010,100,Route
1020,100,Route
1030,100,Route
1040,100,Route
1050,100,Route
1060,100,Route
1070,100,Wall
1080,100,Wall
1090,100,Wall
1100,100,Wall
1110,100,Wall
1120,100,Wall
1130,100,Wall
1140,100,Wall
1150,100,Wall
1160,100,Wall
1170,100,Wall
1180,100,Wall
1190,100,Wall
1200,100,Wall
1210,100,Wall
1220,100,Wall
1230,100,Wall
1240,100,Wall
1250,100,Wall
1260,100,Wall
1270,100,Wall
1280,100,Wall
1290,100,Wall
1300,100,Wall
1310,100,Wall
1320,100,Wall
1330,100,Wall
1340,100,Wall
1350,100,Wall
1360,100,Wall
1370,100,Wall
1380,100,Wall
1390,100,Wall
1400,100,Wall
1410,100,Wall
1420,100,Wall
1430,100,Wall
1440,100,Wall
1450,100,Wall
1460,100,Wall
1470,100,Wall
1480,100,Wall
1490,100,Wall
1500,100,Wall
1510,100,Wall
1520,100,Wall
1530,100,Wall
1540,100,Wall
1550,100,Wall
1560,100,Wall
1570,100,Wall
1580,100,Wall
1590,100,Wall
0,110,Wall
10,110,Wall
20,110,Wall
30,110,Wall
40,110,Wall
50,110,Wall
60,110,Wall
70,110,Wall
80,110,Wall
90,110,Wall
100,110,Wall
110,110,Wall
120,110,Wall
130,110,Wall
140,110,Wall
150,110,Wall
160,110,Wall
170,110,Wall
180,110,Wall
190,110,Wall
200,110,Wall
210,110,Wall
220,110,Wall
230,110,Wall
240,110,Wall
250,110,Wall
260,110,Wall
270,110,Wall
280,110,Wall
290,110,Wall
300,110,Wall
310,110,Wall
320,110,Wall
330,110,Wall
340,110,Wall
350,110,Wall
360,110,Wall
370,110,Wall
380,110,Wall
390,110,Wall
400,110,Wall
410,110,Wall
420,110,Wall
430,110,Wall
440,110,Wall
450,110,Wall
460,110,Wall
470,110,Wall
480,110,Wall
490,110,Wall
500,110,Wall
510,110,Wall
520,110,Wall
530,110,Wall
540,110,Wall
550,110,Wall
560,110,Wall
570,110,Wall
580,110,Wall
590,110,Wall
600,110,Wall
610,110,Wall
620,110,Wall
630,110,Wall
640,110,Wall
650,110,Wall
660,110,Wall
670,110,Wall
680,110,Wall
690,110,Wall
700,110,Wall
710,110,Wall
720,110,Wall
730,110,Wall
740,110,Wall
750,110,Wall
760,110,Wall
770,110,Wall
780,110,Wall
790,110,Wall
800,110,Route
810,110,Route
820,110,Route
830,110,Route
840,110,Wall
850,110,Wall
860,110,Wall
870,110,Route
880,110,Route
890,110,Route
900,110,Route
910,110,Route
920,110,Route
930,110,Route
940,110,Route
950,110,Route
960,110,Route
970,110,Route
980,110,Route
990,110,Route
1000,110,Route
1010,110,Route
1020,110,Route
1030,110,Route
1040,110,Route
1050,110,Route
1060,110,Route
1070,110,Wall
1080,110,Wall
1090,110,Wall
1100,110,Wall
1110,110,Wall
1120,110,Wall
1130,110,Wall
1140,110,Wall
1150,110,Wall
1160,110,Wall
1170,110,Wall
1180,110,Wall
1190,110,Wall
1200,110,Wall
1210,110,Wall
1220,110,Wall
1230,110,Wall
1240,110,Wall
1250,110,Wall
1260,110,Wall
1270,110,Wall
1280,110,Wall
1290,110,Wall
1300,110,Wall
1310,110,Wall
1320,110,Wall
1330,110,Wall
1340,110,Wall
1350,110,Wall
1360,110,Wall
1370,110,Wall
1380,110,Wall
1390,110,Wall
1400,110,Wall
1410,110,Wall
1420,110,Wall
1430,110,Wall
1440,110,Wall
1450,110,Wall
1460,110,Wall
1470,110,Wall
1480,110,Wall
1490,110,Wall
1500,110,Wall
1510,110,Wall
1520,110,Wall
1530,110,Wall
1540,110,Wall
1550,110,Wall
1560,110,Wall
1570,110,Wall
1580,110,Wall
1590,110,Wall
0,120,Wall
10,120,Wall
20,120,Wall
30,120,Wall
40,120,Wall
50,120,Wall
60,120,Wall
70,120,Wall
80,120,Wall
90,120,Wall
100,120,Wall
110,120,Wall
120,120,Wall
130,120,Wall
140,120,Wall
150,120,Wall
160,120,Wall
170,120,Wall
180,120,Wall
190,120,Wall
200,120,Wall
210,120,Wall
220,120,Wall
230,120,Wall
240,120,Wall
250,120,Wall
260,120,Wall
270,120,Wall
280,120,Wall
290,120,Wall
300,120,Wall
310,120,Wall
320,120,Wall
330,120,Wall
340,120,Wall
350,120,Wall
360,120,Wall
370,120,Wall
380,120,Wall
390,120,Wall
400,120,Wall
410,120,Wall
420,120,Wall
430,120,Wall
440,120,Wall
450,120,Wall
460,120,Wall
470,120,Wall
480,120,Wall
490,120,Wall
500,120,Wall
510,120,Wall
520,120,Wall
530,120,Wall
540,120,Wall
550,120,Wall
560,120,Wall
570,120,Wall
580,120,Wall
590,120,Wall
600,120,Wall
610,120,Wall
620,120,Wall
630,120,Wall
640,120,Wall
650,120,Wall
660,120,Wall
670,120,Wall
680,120,Wall
690,120,Wall
700,120,Wall
710,120,Wall
720,120,Wall
730,120,Wall
740,120,Wall
750,120,Wall
760,120,Wall
770,120,Wall
780,120,Wall
790,120,Wall
800,120,Route
810,120,Route
820,120,Route
830,120,Route
840,120,Wall
850,120,Wall
860,120,Wall
870,120,Route
880,120,Route
890,120,Route
900,120,Route
910,120,Route
920,120,Route
930,120,Route
940,120,Route
950,120,Route
960,120,Route
970,120,Route
980,120,Route
990,120,Route
1000,120,Route
1010,120,Route
1020,120,Route
1030,120,Route
1040,120,Route
1050,120,Route
1060,120,Route
1070,120,Route
1080,120,Route
1090,120,Route
1100,120,Route
1110,120,Route
1120,120,Route
1130,120,Route
1140,120,Route
1150,120,Route
1160,120,Wall
1170,120,Wall
1180,120,Wall
1190,120,Wall
1200,120,Wall
1210,120,Wall
1220,120,Wall
1230,120,Wall
1240,120,Wall
1250,120,Wall
1260,120,Wall
1270,120,Wall
1280,120,Wall
1290,120,Wall
1300,120,Wall
1310,120,Wall
1320,120,Wall
1330,120,Wall
1340,120,Wall
1350,120,Wall
1360,120,Wall
1370,120,Wall
1380,120,Wall
1390,120,Wall
1400,120,Wall
1410,120,Wall
1420,120,Wall
1430,120,Wall
1440,120,Wall
1450,120,Wall
1460,120,Wall
1470,120,Wall
1480,120,Wall
1490,120,Wall
1500,120,Wall
1510,120,Wall
1520,120,Wall
1530,120,Wall
1540,120,Wall
1550,120,Wall
1560,120,Wall
1570,120,Wall
1580,120,Wall
1590,120,Wall
0,130,Wall
10,130,Wall
20,130,Wall
30,130,Wall
40,130,Wall
50,130,Wall
60,130,Wall
70,130,Wall
80,130,Wall
90,130,Wall
100,130,Wall
110,130,Wall
120,130,Wall
130,130,Wall
140,130,Wall
150,130,Wall
160,130,Wall
170,130,Wall
180,130,Wall
190,130,Wall
200,130,Wall
210,130,Wall
220,130,Wall
230,130,Wall
240,130,Wall
250,130,Wall
260,130,Wall
270,130,Wall
280,130,Wall
290,130,Wall
300,130,Wall
310,130,Wall
320,130,Wall
330,130,Wall
340,130,Wall
350,130,Wall
360,130,Wall
370,130,Wall
380,130,Wall
390,130,Wall
400,130,Wall
410,130,Wall
420,130,Wall
430,130,Wall
440,130,Wall
450,130,Wall
460,130,Wall
470,130,Wall
480,130,Wall
490,130,Wall
500,130,Wall
510,130,Wall
520,130,Wall
530,130,Wall
540,130,Wall
550,130,Wall
560,130,Wall
570,130,Wall
580,130,Wall
590,130,Wall
600,130,Wall
610,130,Wall
620,130,Wall
630,130,Wall
640,130,Wall
650,130,Wall
660,130,Wall
670,130,Wall
680,130,Wall
690,130,Wall
700,130,Wall
710,130,Wall
720,130,Wall
730,130,Wall
740,130,Wall
750,130,Wall
760,130,Wall
770,130,Wall
780,130,Wall
790,130,Wall
800,130,Route
810,130,Route
820,130,Route
830,130,Route
840,130,Wall
850,130,Wall
860,130,Wall
870,130,Route
880,130,Route
890,130,Route
900,130,Route
910,130,Route
920,130,Route
930,130,Route
940,130,Route
950,130,Route
960,130,Route
970,130,Route
980,130,Route
990,130,Route
1000,130,Route
1010,130,Route
1020,130,Route
1030,130,Route
1040,130,Route
1050,130,Route
1060,130,Route
1070,130,Route
1080,130,Route
1090,130,Route
1100,130,Route
1110,130,Route
1120,130,Route
1130,130,Route
1140,130,Route
1150,130,Route
1160,130,Wall
1170,130,Wall
1180,130,Wall
1190,130,Wall
1200,130,Wall
1210,130,Wall
1220,130,Wall
1230,130,Wall
1240,130,Wall
1250,130,Wall
1260,130,Wall
1270,130,Wall
1280,130,Wall
1290,130,Wall
1300,130,Wall
1310,130,Wall
1320,130,Wall
1330,130,Wall
1340,130,Wall
1350,130,Wall
1360,130,Wall
1370,130,Wall
1380,130,Wall
1390,130,Wall
1400,130,Wall
1410,130,Wall
1420,130,Wall
1430,130,Wall
1440,130,Wall
1450,130,Wall
1460,130,Wall
1470,130,Wall
1480,130,Wall
1490,130,Wall
1500,130,Wall
1510,130,Wall
1520,130,Wall
1530,130,Wall
1540,130,Wall
1550,130,Wall
1560,130,Wall
1570,130,Wall
1580,130,Wall
1590,130,Wall
0,140,Wall
10,140,Wall
20,140,Wall
30,140,Wall
40,140,Wall
50,140,Wall
60,140,Wall
70,140,Wall
80,140,Wall
90,140,Wall
100,140,Wall
110,140,Wall
120,140,Wall
130,140,Wall
140,140,Wall
150,140,Wall
160,140,Wall
170,140,Wall
180,140,Wall
190,140,Wall
200,140,Wall
210,140,Wall
220,140,Wall
230,140,Wall
240,140,Wall
250,140,Wall
260,140,Wall
270,140,Wall
280,140,Wall
290,140,Wall
300,140,Wall
310,140,Wall
320,140,Wall
330,140,Wall
340,140,Wall
350,140,Wall
360,140,Wall
370,140,Wall
380,140,Wall
390,140,Wall
400,140,Wall
410,140,Wall
420,140,Wall
430,140,Wall
440,140,Wall
450,140,Wall
460,140,Wall
470,140,Wall
480,140,Wall
490,140,Wall
500,140,Wall
510,140,Wall
520,140,Wall
530,140,Wall
540,140,Wall
550,140,Wall
560,140,Wall
570,140,Wall
580,140,Wall
590,140,Wall
600,140,Wall
610,140,Wall
620,140,Wall
630,140,Wall
640,140,Wall
650,140,Wall
660,140,Wall
670,140,Wall
680,140,Wall
690,140,Wall
700,140,Wall
710,140,Wall
720,140,Wall
730,140,Wall
740,140,Wall
750,140,Wall
760,140,Wall
770,140,Wall
780,140,Wall
790,140,Wall
800,140,Route
810,140,Route
820,140,Route
830,140,Route
840,140,Wall
850,140,Wall
860,140,Wall
870,140,Route
880,140,Route
890,140,Route
900,140,Route
910,140,Route
920,140,Route
930,140,Route
940,140,Route
950,140,Route
960,140,Route
970,140,Route
980,140,Route
990,140,Route
1000,140,Route
1010,140,Route
1020,140,Route
1030,140,Route
1040,140,Route
1050,140,Route
1060,140,Wall
1070,140,Wall
1080,140,Route
1090,140,Route
1100,140,Route
1110,140,Route
1120,140,Route
1130,140,Route
1140,140,Route
1150,140,Route
1160,140,Wall
1170,140,Wall
1180,140,Wall
1190,140,Wall
1200,140,Wall
1210,140,Wall
1220,140,Wall
1230,140,Wall
1240,140,Wall
1250,140,Wall
1260,140,Wall
1270,140,Wall
1280,140,Wall
1290,140,Wall
1300,140,Wall
1310,140,Wall
1320,140,Wall
1330,140,Wall
1340,140,Wall
1350,140,Wall
1360,140,Wall
1370,140,Wall
1380,140,Wall
1390,140,Wall
1400,140,Wall
1410,140,Wall
1420,140,Wall
1430,140,Wall
1440,140,Wall
1450,140,Wall
1460,140,Wall
1470,140,Wall
1480,140,Wall
1490,140,Wall
1500,140,Wall
1510,140,Wall
1520,140,Wall
1530,140,Wall
1540,140,Wall
1550,140,Wall
1560,140,Wall
1570,140,Wall
1580,140,Wall
1590,140,Wall
0,150,Wall
10,150,Wall
20,150,Wall
30,150,Wall
40,150,Wall
50,150,Wall
60,150,Wall
70,150,Wall
80,150,Wall
90,150,Wall
100,150,Wall
110,150,Wall
120,150,Wall
130,150,Wall
140,150,Wall
150,150,Wall
160,150,Wall
170,150,Wall
180,150,Wall
190,150,Wall
200,150,Wall
210,150,Wall
220,150,Wall
230,150,Wall
240,150,Wall
250,150,Wall
260,150,Wall
270,150,Wall
280,150,Wall
290,150,Wall
300,150,Wall
310,150,Wall
320,150,Wall
330,150,Wall
340,150,Wall
350,150,Wall
360,150,Wall
370,150,Wall
380,150,Wall
390,150,Wall
400,150,Wall
410,150,Wall
420,150,Wall
430,150,Wall
440,150,Wall
450,150,Wall
460,150,Wall
470,150,Wall
480,150,Wall
490,150,Route
500,150,Route
510,150,Route
520,150,Route
530,150,Route
540,150,Route
550,150,Route
560,150,Route
570,150,Route
580,150,Route
590,150,Route
600,150,Route
610,150,Route
620,150,Route
630,150,Route
640,150,Route
650,150,Route
660,150,Route
670,150,Route
680,150,Route
690,150,Route
700,150,Wall
710,150,Wall
720,150,Wall
730,150,Wall
740,150,Wall
750,150,Wall
760,150,Wall
770,150,Wall
780,150,Wall
790,150,Wall
800,150,Route
810,150,Route
820,150,Route
830,150,Route
840,150,Route
850,150,Route
860,150,Wall
870,150,Route
880,150,Route
890,150,Route
900,150,Route
910,150,Route
920,150,Route
930,150,Route
940,150,Route
950,150,Route
960,150,Route
970,150,Route
980,150,Route
990,150,Route
1000,150,Route
1010,150,Route
1020,150,Route
1030,150,Route
1040,150,Route
1050,150,Route
1060,150,Wall
1070,150,Wall
1080,150,Route
1090,150,Route
1100,150,Route
1110,150,Route
1120,150,Route
1130,150,Route
1140,150,Route
1150,150,Route
1160,150,Wall
1170,150,Wall
1180,150,Wall
1190,150,Wall
1200,150,Wall
1210,150,Wall
1220,150,Wall
1230,150,Wall
1240,150,Wall
1250,150,Wall
1260,150,Wall
1270,150,Wall
1280,150,Wall
1290,150,Wall
1300,150,Wall
1310,150,Wall
1320,150,Wall
1330,150,Wall
1340,150,Wall
1350,150,Wall
1360,150,Wall
1370,150,Wall
1380,150,Wall
1390,150,Wall
1400,150,Wall
1410,150,Wall
1420,150,Wall
1430,150,Wall
1440,150,Wall
1450,150,Wall
1460,150,Wall
1470,150,Wall
1480,150,Wall
1490,150,Wall
1500,150,Wall
1510,150,Wall
1520,150,Wall
1530,150,Wall
1540,150,Wall
1550,150,Wall
1560,150,Wall
1570,150,Wall
1580,150,Wall
1590,150,Wall
0,160,Wall
10,160,Wall
20,160,Wall
30,160,Wall
40,160,Wall
50,160,Wall
60,160,Wall
70,160,Wall
80,160,Wall
90,160,Wall
100,160,Wall
110,160,Wall
120,160,Wall
130,160,Wall
140,160,Wall
150,160,Wall
160,160,Wall
170,160,Wall
180,160,Wall
190,160,Wall
200,160,Wall
210,160,Wall
220,160,Wall
230,160,Wall
240,160,Wall
250,160,Wall
260,160,Wall
270,160,Wall
280,160,Wall
290,160,Wall
300,160,Wall
310,160,Wall
320,160,Wall
330,160,Wall
340,160,Wall
350,160,Wall
360,160,Wall
370,160,Wall
380,160,Wall
390,160,Wall
400,160,Wall
410,160,Wall
420,160,Wall
430,160,Wall
440,160,Wall
450,160,Wall
460,160,Wall
470,160,Wall
480,160,Wall
490,160,Route
500,160,Route
510,160,Route
520,160,Route
530,160,Route
540,160,Route
550,160,Route
560,160,Route
570,160,Route
580,160,Route
590,160,Route
600,160,Route
610,160,Route
620,160,Route
630,160,Route
640,160,Route
650,160,Route
660,160,Route
670,160,Route
680,160,Route
690,160,Route
700,160,Wall
710,160,Wall
720,160,Wall
730,160,Wall
740,160,Wall
750,160,Wall
760,160,Wall
770,160,Wall
780,160,Wall
790,160,Wall
800,160,Route
810,160,Route
820,160,Route
830,160,Route
840,160,Route
850,160,Route
860,160,Wall
870,160,Route
880,160,Route
890,160,Route
900,160,Route
910,160,Route
920,160,Route
930,160,Route
940,160,Route
950,160,Route
960,160,Route
970,160,Route
980,160,Route
990,160,Route
1000,160,Route
1010,160,Route
1020,160,Route
1030,160,Route
1040,160,Route
1050,160,Route
1060,160,Wall
1070,160,Wall
1080,160,Route
1090,160,Route
1100,160,Route
1110,160,Route
1120,160,Route
1130,160,Route
1140,160,Route
1150,160,Route
1160,160,Wall
1170,160,Wall
1180,160,Wall
1190,160,Wall
1200,160,Wall
1210,160,Wall
1220,160,Wall
1230,160,Wall
1240,160,Wall
1250,160,Wall
1260,160,Wall
1270,160,Wall
1280,160,Wall
1290,160,Wall
1300,160,Wall
1310,160,Wall
1320,160,Wall
1330,160,Wall
1340,160,Wall
1350,160,Wall
1360,160,Wall
1370,160,Wall
1380,160,Wall
1390,160,Wall
1400,160,Wall
1410,160,Wall
1420,160,Wall
1430,160,Wall
1440,160,Wall
1450,160,Wall
1460,160,Wall
1470,160,Wall
1480,160,Wall
1490,160,Wall
1500,160,Wall
1510,160,Wall
1520,160,Wall
1530,160,Wall
1540,160,Wall
1550,160,Wall
1560,160,Wall
1570,160,Wall
1580,160,Wall
1590,160,Wall
0,170,Wall
10,170,Wall
20,170,Wall
30,170,Wall
40,170,Wall
50,170,Wall
60,170,Wall
70,170,Wall
80,170,Wall
90,170,Wall
100,170,Wall
110,170,Wall
120,170,Wall
130,170,Wall
140,170,Wall
150,170,Wall
160,170,Wall
170,170,Wall
180,170,Wall
190,170,Wall
200,170,Wall
210,170,Wall
220,170,Wall
230,170,Wall
240,170,Wall
250,170,Wall
260,170,Wall
270,170,Wall
280,170,Wall
290,170,Wall
300,170,Wall
310,170,Wall
320,170,Wall
330,170,Wall
340,170,Wall
350,170,Wall
360,170,Wall
370,170,Wall
380,170,Wall
390,170,Wall
400,170,Wall
410,170,Wall
420,170,Wall
430,170,Wall
440,170,Wall
450,170,Wall
460,170,Wall
470,170,Wall
480,170,Wall
490,170,Route
500,170,Route
510,170,Route
520,170,Route
530,170,Route
540,170,Route
550,170,Route
560,170,Route
570,170,Route
580,170,Route
590,170,Route
600,170,Route
610,170,Route
620,170,Route
630,170,Route
640,170,Route
650,170,Route
660,170,Route
670,170,Route
680,170,Route
690,170,Route
700,170,Wall
710,170,Wall
720,170,Wall
730,170,Wall
740,170,Wall
750,170,Wall
760,170,Wall
770,170,Wall
780,170,Wall
790,170,Wall
800,170,Route
810,170,Route
820,170,Route
830,170,Route
840,170,Route
850,170,Route
860,170,Wall
870,170,Route
880,170,Route
890,170,Route
900,170,Route
910,170,Route
920,170,Route
930,170,Route
940,170,Route
950,170,Route
960,170,Route
970,170,Route
980,170,Route
990,170,Route
1000,170,Route
1010,170,Route
1020,170,Route
1030,170,Route
1040,170,Route
1050,170,Route
1060,170,Wall
1070,170,Wall
1080,170,Route
1090,170,Route
1100,170,Route
1110,170,Route
1120,170,Route
1130,170,Route
1140,170,Route
1150,170,Route
1160,170,Wall
1170,170,Wall
1180,170,Wall
1190,170,Wall
1200,170,Wall
1210,170,Wall
1220,170,Wall
1230,170,Wall
1240,170,Wall
1250,170,Wall
1260,170,Wall
1270,170,Wall
1280,170,Wall
1290,170,Wall
1300,170,Wall
1310,170,Wall
1320,170,Wall
1330,170,Wall
1340,170,Wall
1350,170,Wall
1360,170,Wall
1370,170,Wall
1380,170,Wall
1390,170,Wall
1400,170,Wall
1410,170,Wall
1420,170,Wall
1430,170,Wall
1440,170,Wall
1450,170,Wall
1460,170,Wall
1470,170,Wall
1480,170,Wall
1490,170,Wall
1500,170,Wall
1510,170,Wall
1520,170,Wall
1530,170,Wall
1540,170,Wall
1550,170,Wall
1560,170,Wall
1570,170,Wall
1580,170,Wall
1590,170,Wall
0,180,Wall
10,180,Wall
20,180,Wall
30,180,Wall
40,180,Wall
50,180,Wall
60,180,Wall
70,180,Wall
80,180,Wall
90,180,Wall
100,180,Wall
110,180,Wall
120,180,Wall
130,180,Wall
140,180,Wall
150,180,Wall
160,180,Wall
170,180,Wall
180,180,Wall
190,180,Wall
200,180,Wall
210,180,Wall
220,180,Wall
230,180,Wall
240,180,Wall
250,180,Wall
260,180,Wall
270,180,Wall
280,180,Wall
290,180,Wall
300,180,Wall
310,180,Wall
320,180,Wall
330,180,Wall
340,180,Wall
350,180,Wall
360,180,Wall
370,180,Wall
380,180,Wall
390,180,Wall
400,180,Wall
410,180,Wall
420,180,Wall
430,180,Wall
440,180,Wall
450,180,Wall
460,180,Wall
470,180,Wall
480,180,Wall
490,180,Route
500,180,Route
510,180,Route
520,180,Route
530,180,Route
540,180,Route
550,180,Route
560,180,Route
570,180,Route
580,180,Route
590,180,Route
600,180,Route
610,180,Route
620,180,Route
630,180,Route
640,180,Route
650,180,Route
660,180,Route
670,180,Route
680,180,Route
690,180,Route
700,180,Wall
710,180,Wall
720,180,Wall
730,180,Wall
740,180,Wall
750,180,Wall
760,180,Wall
770,180,Wall
780,180,Wall
790,180,Wall
800,180,Route
810,180,Route
820,180,Route
830,180,Route
840,180,Wall
850,180,Wall
860,180,Wall
870,180,Route
880,180,Route
890,180,Route
900,180,Route
910,180,Route
920,180,Route
930,180,Route
940,180,Route
950,180,Route
960,180,Route
970,180,Route
980,180,Route
990,180,Route
1000,180,Route
1010,180,Route
1020,180,Route
1030,180,Route
1040,180,Route
1050,180,Route
1060,180,Wall
1070,180,Wall
1080,180,Route
1090,180,Route
1100,180,Route
1110,180,Route
1120,180,Route
1130,180,Route
1140,180,Route
1150,180,Route
1160,180,Wall
1170,180,Wall
1180,180,Wall
1190,180,Wall
1200,180,Wall
1210,180,Wall
1220,180,Wall
1230,180,Wall
1240,180,Wall
1250,180,Wall
1260,180,Wall
1270,180,Wall
1280,180,Wall
1290,180,Wall
1300,180,Wall
1310,180,Wall
1320,180,Wall
1330,180,Wall
1340,180,Wall
1350,180,Wall
1360,180,Wall
1370,180,Wall
1380,180,Wall
1390,180,Wall
1400,180,Wall
1410,180,Wall
1420,180,Wall
1430,180,Wall
1440,180,Wall
1450,180,Wall
1460,180,Wall
1470,180,Wall
1480,180,Wall
1490,180,Wall
1500,180,Wall
1510,180,Wall
1520,180,Wall
1530,180,Wall
1540,180,Wall
1550,180,Wall
1560,180,Wall
1570,180,Wall
1580,180,Wall
1590,180,Wall
0,190,Wall
10,190,Wall
20,190,Wall
30,190,Wall
40,190,Wall
50,190,Wall
60,190,Wall
70,190,Wall
80,190,Wall
90,190,Wall
100,190,Wall
110,190,Wall
120,190,Wall
130,190,Wall
140,190,Wall
150,190,Wall
160,190,Wall
170,190,Wall
180,190,Wall
190,190,Wall
200,190,Wall
210,190,Wall
220,190,Wall
230,190,Wall
240,190,Wall
250,190,Wall
260,190,Wall
270,190,Wall
280,190,Wall
290,190,Wall
300,190,Wall
310,190,Wall
320,190,Wall
330,190,Wall
340,190,Wall
350,190,Wall
360,190,Wall
370,190,Wall
380,190,Wall
390,190,Wall
400,190,Wall
410,190,Wall
420,190,Wall
430,190,Wall
440,190,Wall
450,190,Wall
460,190,Wall
470,190,Wall
480,190,Wall
490,190,Route
500,190,Route
510,190,Route
520,190,Route
530,190,Route
540,190,Route
550,190,Route
560,190,Route
570,190,Route
580,190,Battle
590,190,Route
600,190,Route
610,190,Route
620,190,Route
630,190,Route
640,190,Route
650,190,Route
660,190,Route
670,190,Route
680,190,Route
690,190,Route
700,190,Wall
710,190,Wall
720,190,Wall
730,190,Wall
740,190,Wall
750,190,Wall
760,190,Wall
770,190,Wall
780,190,Wall
790,190,Wall
800,190,Route
810,190,Route
820,190,Route
830,190,Route
840,190,Wall
850,190,Wall
860,190,Wall
870,190,Route
880,190,Route
890,190,Route
900,190,Route
910,190,Route
920,190,Route
930,190,Route
940,190,Route
950,190,Route
960,190,Route
970,190,Route
980,190,Route
990,190,Route
1000,190,Route
1010,190,Route
1020,190,Route
1030,190,Route
1040,190,Route
1050,190,Route
1060,190,Wall
1070,190,Wall
1080,190,Route
1090,190,Route
1100,190,Route
1110,190,Route
1120,190,Route
1130,190,Route
1140,190,Route
1150,190,Route
1160,190,Wall
1170,190,Wall
1180,190,Wall
1190,190,Wall
1200,190,Wall
1210,190,Wall
1220,190,Wall
1230,190,Wall
1240,190,Wall
1250,190,Wall
1260,190,Wall
1270,190,Wall
1280,190,Wall
1290,190,Wall
1300,190,Wall
1310,190,Wall
1320,190,Wall
1330,190,Wall
1340,190,Wall
1350,190,Wall
1360,190,Wall
1370,190,Wall
1380,190,Wall
1390,190,Wall
1400,190,Wall
1410,190,Wall
1420,190,Wall
1430,190,Wall
1440,190,Wall
1450,190,Wall
1460,190,Wall
1470,190,Wall
1480,190,Wall
1490,190,Wall
1500,190,Wall
1510,190,Wall
1520,190,Wall
1530,190,Wall
1540,190,Wall
1550,190,Wall
1560,190,Wall
1570,190,Wall
1580,190,Wall
1590,190,Wall
0,200,Wall
10,200,Wall
20,200,Wall
30,200,Wall
40,200,Wall
50,200,Wall
60,200,Wall
70,200,Wall
80,200,Wall
90,200,Wall
100,200,Wall
110,200,Wall
120,200,Wall
130,200,Wall
140,200,Wall
150,200,Wall
160,200,Wall
170,200,Wall
180,200,Wall
190,200,Wall
200,200,Wall
210,200,Wall
220,200,Wall
230,200,Wall
240,200,Wall
250,200,Wall
260,200,Wall
270,200,Wall
280,200,Wall
290,200,Wall
300,200,Wall
310,200,Wall
320,200,Wall
330,200,Wall
340,200,Wall
350,200,Wall
360,200,Wall
370,200,Wall
380,200,Wall
390,200,Wall
400,200,Wall
410,200,Wall
420,200,Route
430,200,Route
440,200,Route
450,200,Route
460,200,Route
470,200,Wall
480,200,Wall
490,200,Route
500,200,Route
510,200,Route
520,200,Route
530,200,Route
540,200,Route
550,200,Route
560,200,Route
570,200,Route
580,200,Route
590,200,Route
600,200,Route
610,200,Route
620,200,Route
630,200,Route
640,200,Route
650,200,Route
660,200,Route
670,200,Route
680,200,Route
690,200,Route
700,200,Route
710,200,Route
720,200,Route
730,200,Route
740,200,Route
750,200,Route
760,200,Route
770,200,Route
780,200,Route
790,200,Route
800,200,Route
810,200,Route
820,200,Route
830,200,Route
840,200,Wall
850,200,Wall
860,200,Wall
870,200,Route
880,200,Route
890,200,Route
900,200,Route
910,200,Route
920,200,Route
930,200,Route
940,200,Route
950,200,Route
960,200,Battle
970,200,Route
980,200,Route
990,200,Route
1000,200,Route
1010,200,Route
1020,200,Route
1030,200,Route
1040,200,Route
1050,200,Route
1060,200,Wall
1070,200,Wall
1080,200,Route
1090,200,Route
1100,200,Route
1110,200,Route
1120,200,Route
1130,200,Route
1140,200,Route
1150,200,Route
1160,200,Wall
1170,200,Wall
1180,200,Wall
1190,200,Wall
1200,200,Wall
1210,200,Wall
1220,200,Wall
1230,200,Wall
1240,200,Wall
1250,200,Wall
1260,200,Wall
1270,200,Wall
1280,200,Wall
1290,200,Wall
1300,200,Wall
1310,200,Wall
1320,200,Wall
1330,200,Wall
1340,200,Wall
1350,200,Wall
1360,200,Wall
1370,200,Wall
1380,200,Wall
1390,200,Wall
1400,200,Wall
1410,200,Wall
1420,200,Wall
1430,200,Wall
1440,200,Wall
1450,200,Wall
1460,200,Wall
1470,200,Wall
1480,200,Wall
1490,200,Wall
1500,200,Wall
1510,200,Wall
1520,200,Wall
1530,200,Wall
1540,200,Wall
1550,200,Wall
1560,200,Wall
1570,200,Wall
1580,200,Wall
1590,200,Wall
0,210,Wall
10,210,Wall
20,210,Wall
30,210,Wall
40,210,Wall
50,210,Wall
60,210,Wall
70,210,Wall
80,210,Wall
90,210,Wall
100,210,Wall
110,210,Wall
120,210,Wall
130,210,Wall
140,210,Wall
150,210,Wall
160,210,Wall
170,210,Wall
180,210,Wall
190,210,Wall
200,210,Wall
210,210,Wall
220,210,Wall
230,210,Wall
240,210,Wall
250,210,Wall
260,210,Wall
270,210,Wall
280,210,Wall
290,210,Wall
300,210,Wall
310,210,Wall
320,210,Wall
330,210,Wall
340,210,Wall
350,210,Wall
360,210,Wall
370,210,Wall
380,210,Wall
390,210,Wall
400,210,Wall
410,210,Wall
420,210,Route
430,210,Route
440,210,Route
450,210,Route
460,210,Route
470,210,Wall
480,210,Wall
490,210,Route
500,210,Route
510,210,Route
520,210,Route
530,210,Route
540,210,Route
550,210,Route
560,210,Route
570,210,Route
580,210,Route
590,210,Route
600,210,Route
610,210,Route
620,210,Route
630,210,Route
640,210,Route
650,210,Route
660,210,Route
670,210,Route
680,210,Route
690,210,Route
700,210,Route
710,210,Route
720,210,Route
730,210,Route
740,210,Route
750,210,Route
760,210,Route
770,210,Route
780,210,Route
790,210,Route
800,210,Route
810,210,Route
820,210,Route
830,210,Route
840,210,Wall
850,210,Wall
860,210,Wall
870,210,Route
880,210,Route
890,210,Route
900,210,Route
910,210,Route
920,210,Route
930,210,Route
940,210,Route
950,210,Route
960,210,Route
970,210,Route
980,210,Route
990,210,Route
1000,210,Route
1010,210,Route
1020,210,Route
1030,210,Route
1040,210,Route
1050,210,Route
1060,210,Wall
1070,210,Wall
1080,210,Route
1090,210,Route
1100,210,Route
1110,210,Route
1120,210,Route
1130,210,Route
1140,210,Route
1150,210,Route
1160,210,Wall
1170,210,Wall
1180,210,Wall
1190,210,Wall
1200,210,Wall
1210,210,Wall
1220,210,Wall
1230,210,Wall
1240,210,Wall
1250,210,Wall
1260,210,Wall
1270,210,Wall
1280,210,Wall
1290,210,Wall
1300,210,Wall
1310,210,Wall
1320,210,Wall
1330,210,Wall
1340,210,Wall
1350,210,Wall
1360,210,Wall
1370,210,Wall
1380,210,Wall
1390,210,Wall
1400,210,Wall
1410,210,Wall
1420,210,Wall
1430,210,Wall
1440,210,Wall
1450,210,Wall
1460,210,Wall
1470,210,Wall
1480,210,Wall
1490,210,Wall
1500,210,Wall
1510,210,Wall
1520,210,Wall
1530,210,Wall
1540,210,Wall
1550,210,Wall
1560,210,Wall
1570,210,Wall
1580,210,Wall
1590,210,Wall
0,220,Wall
10,220,Wall
20,220,Wall
30,220,Wall
40,220,Wall
50,220,Wall
60,220,Wall
70,220,Wall
80,220,Wall
90,220,Wall
100,220,Wall
110,220,Wall
120,220,Wall
130,220,Wall
140,220,Wall
150,220,Wall
160,220,Wall
170,220,Wall
180,220,Wall
190,220,Wall
200,220,Wall
210,220,Wall
220,220,Wall
230,220,Wall
240,220,Wall
250,220,Wall
260,220,Wall
270,220,Wall
280,220,Wall
290,220,Wall
300,220,Wall
310,220,Wall
320,220,Wall
330,220,Wall
340,220,Wall
350,220,Wall
360,220,Wall
370,220,Wall
380,220,Wall
390,220,Wall
400,220,Wall
410,220,Wall
420,220,Route
430,220,Route
440,220,Route
450,220,Route
460,220,Route
470,220,Route
480,220,Route
490,220,Route
500,220,Route
510,220,Route
520,220,Route
530,220,Route
540,220,Route
550,220,Route
560,220,Route
570,220,Route
580,220,Route
590,220,Route
600,220,Route
610,220,Route
620,220,Route
630,220,Route
640,220,Route
650,220,Route
660,220,Route
670,220,Route
680,220,Route
690,220,Route
700,220,Route
710,220,Route
720,220,Route
730,220,Route
740,220,Route
750,220,Route
760,220,Route
770,220,Route
780,220,Route
790,220,Route
800,220,Route
810,220,Route
820,220,Route
830,220,Route
840,220,Wall
850,220,Wall
860,220,Wall
870,220,Route
880,220,Route
890,220,Route
900,220,Route
910,220,Route
920,220,Route
930,220,Route
940,220,Route
950,220,Route
960,220,Route
970,220,Route
980,220,Route
990,220,Route
1000,220,Route
1010,220,Route
1020,220,Route
1030,220,Route
1040,220,Route
1050,220,Route
1060,220,Wall
1070,220,Wall
1080,220,Route
1090,220,Route
1100,220,Route
1110,220,Route
1120,220,Route
1130,220,Route
1140,220,Route
1150,220,Route
1160,220,Wall
1170,220,Wall
1180,220,Wall
1190,220,Wall
1200,220,Wall
1210,220,Wall
1220,220,Wall
1230,220,Wall
1240,220,Wall
1250,220,Wall
1260,220,Wall
1270,220,Wall
1280,220,Wall
1290,220,Wall
1300,220,Wall
1310,220,Wall
1320,220,Wall
1330,220,Wall
1340,220,Wall
1350,220,Wall
1360,220,Wall
1370,220,Wall
1380,220,Wall
1390,220,Wall
1400,220,Wall
1410,220,Wall
1420,220,Wall
1430,220,Wall
1440,220,Wall
1450,220,Wall
1460,220,Wall
1470,220,Wall
1480,220,Wall
1490,220,Wall
1500,220,Wall
1510,220,Wall
1520,220,Wall
1530,220,Wall
1540,220,Wall
1550,220,Wall
1560,220,Wall
1570,220,Wall
1580,220,Wall
1590,220,Wall
0,230,Wall
10,230,Wall
20,230,Wall
30,230,Wall
40,230,Wall
50,230,Wall
60,230,Wall
70,230,Wall
80,230,Wall
90,230,Wall
100,230,Wall
110,230,Wall
120,230,Wall
130,230,Wall
140,230,Wall
150,230,Wall
160,230,Wall
170,230,Wall
180,230,Wall
190,230,Wall
200,230,Wall
210,230,Route
220,230,Route
230,230,Route
240,230,Route
250,230,Route
260,230,Route
270,230,Route
280,230,Route
290,230,Route
300,230,Route
310,230,Route
320,230,Route
330,230,Route
340,230,Route
350,230,Route
360,230,Route
370,230,Route
380,230,Route
390,230,Route
400,230,Route
410,230,Wall
420,230,Route
430,230,Route
440,230,Route
450,230,Route
460,230,Route
470,230,Wall
480,230,Route
490,230,Route
500,230,Route
510,230,Route
520,230,Route
530,230,Route
540,230,Route
550,230,Route
560,230,Route
570,230,Route
580,230,Route
590,230,Route
600,230,Route
610,230,Route
620,230,Route
630,230,Route
640,230,Route
650,230,Route
660,230,Route
670,230,Route
680,230,Route
690,230,Route
700,230,Route
710,230,Route
720,230,Route
730,230,Route
740,230,Route
750,230,Route
760,230,Route
770,230,Route
780,230,Route
790,230,Route
800,230,Route
810,230,Route
820,230,Route
830,230,Route
840,230,Wall
850,230,Wall
860,230,Wall
870,230,Route
880,230,Route
890,230,Route
900,230,Route
910,230,Route
920,230,Route
930,230,Route
940,230,Route
950,230,Route
960,230,Route
970,230,Route
980,230,Route
990,230,Route
1000,230,Route
1010,230,Route
1020,230,Route
1030,230,Route
1040,230,Route
1050,230,Route
1060,230,Wall
1070,230,Wall
1080,230,Route
1090,230,Route
1100,230,Route
1110,230,Route
1120,230,Route
1130,230,Route
1140,230,Route
1150,230,Route
1160,230,Wall
1170,230,Wall
1180,230,Wall
1190,230,Wall
1200,230,Wall
1210,230,Wall
1220,230,Wall
1230,230,Wall
1240,230,Wall
1250,230,Wall
1260,230,Wall
1270,230,Wall
1280,230,Wall
1290,230,Wall
1300,230,Wall
1310,230,Wall
1320,230,Wall
1330,230,Wall
1340,230,Wall
1350,230,Wall
1360,230,Wall
1370,230,Wall
1380,230,Wall
1390,230,Wall
1400,230,Wall
1410,230,Wall
1420,230,Wall
1430,230,Wall
1440,230,Wall
1450,230,Wall
1460,230,Wall
1470,230,Wall
1480,230,Wall
1490,230,Wall
1500,230,Wall
1510,230,Wall
1520,230,Wall
1530,230,Wall
1540,230,Wall
1550,230,Wall
1560,230,Wall
1570,230,Wall
1580,230,Wall
1590,230,Wall
0,240,Wall
10,240,Wall
20,240,Wall
30,240,Wall
40,240,Wall
50,240,Wall
60,240,Wall
70,240,Wall
80,240,Wall
90,240,Wall
100,240,Wall
110,240,Wall
120,240,Wall
130,240,Wall
140,240,Wall
150,240,Wall
160,240,Wall
170,240,Wall
180,240,Wall
190,240,Wall
200,240,Wall
210,240,Route
220,240,Route
230,240,Route
240,240,Route
250,240,Route
260,240,Route
270,240,Route
280,240,Route
290,240,Route
300,240,Route
310,240,Route
320,240,Route
330,240,Route
340,240,Route
350,240,Route
360,240,Route
370,240,Route
380,240,Route
390,240,Route
400,240,Route
410,240,Route
420,240,Route
430,240,Route
440,240,Route
450,240,Route
460,240,Wall
470,240,Wall
480,240,Route
490,240,Route
500,240,Route
510,240,Route
520,240,Route
530,240,Route
540,240,Route
550,240,Route
560,240,Route
570,240,Route
580,240,Route
590,240,Route
600,240,Route
610,240,Route
620,240,Route
630,240,Route
640,240,Route
650,240,Route
660,240,Route
670,240,Route
680,240,Route
690,240,Route
700,240,Route
710,240,Wall
720,240,Wall
730,240,Wall
740,240,Wall
750,240,Wall
760,240,Wall
770,240,Wall
780,240,Wall
790,240,Wall
800,240,Route
810,240,Route
820,240,Route
830,240,Route
840,240,Wall
850,240,Wall
860,240,Wall
870,240,Route
880,240,Route
890,240,Route
900,240,Route
910,240,Route
920,240,Route
930,240,Route
940,240,Route
950,240,Route
960,240,Route
970,240,Route
980,240,Route
990,240,Route
1000,240,Route
1010,240,Route
1020,240,Route
1030,240,Route
1040,240,Route
1050,240,Route
1060,240,Wall
1070,240,Wall
1080,240,Route
1090,240,Route
1100,240,Route
1110,240,Route
1120,240,Route
1130,240,Route
1140,240,Route
1150,240,Route
1160,240,Wall
1170,240,Wall
1180,240,Route
1190,240,Route
1200,240,Wall
1210,240,Wall
1220,240,Wall
1230,240,Wall
1240,240,Wall
1250,240,Route
1260,240,Route
1270,240,Route
1280,240,Route
1290,240,Route
1300,240,Route
1310,240,Route
1320,240,Route
1330,240,Route
1340,240,Route
1350,240,Route
1360,240,Route
1370,240,Route
1380,240,Route
1390,240,Route
1400,240,Route
1410,240,Route
1420,240,Route
1430,240,Route
1440,240,Route
1450,240,Wall
1460,240,Wall
1470,240,Wall
1480,240,Wall
1490,240,Wall
1500,240,Wall
1510,240,Wall
1520,240,Wall
1530,240,Wall
1540,240,Wall
1550,240,Wall
1560,240,Wall
1570,240,Wall
1580,240,Wall
1590,240,Wall
0,250,Wall
10,250,Wall
20,250,Wall
30,250,Wall
40,250,Wall
50,250,Wall
60,250,Wall
70,250,Wall
80,250,Wall
90,250,Wall
100,250,Wall
110,250,Wall
120,250,Wall
130,250,Wall
140,250,Wall
150,250,Wall
160,250,Wall
170,250,Wall
180,250,Wall
190,250,Wall
200,250,Wall
210,250,Wall
220,250,Wall
230,250,Wall
240,250,Wall
250,250,Wall
260,250,Wall
270,250,Route
280,250,Route
290,250,Route
300,250,Route
310,250,Route
320,250,Route
330,250,Route
340,250,Route
350,250,Route
360,250,Route
370,250,Route
380,250,Route
390,250,Route
400,250,Route
410,250,Route
420,250,Route
430,250,Route
440,250,Route
450,250,Route
460,250,Wall
470,250,Wall
480,250,Route
490,250,Route
500,250,Route
510,250,Route
520,250,Route
530,250,Route
540,250,Route
550,250,Route
560,250,Route
570,250,Route
580,250,Route
590,250,Route
600,250,Route
610,250,Route
620,250,Route
630,250,Route
640,250,Route
650,250,Route
660,250,Route
670,250,Route
680,250,Route
690,250,Route
700,250,Route
710,250,Wall
720,250,Wall
730,250,Wall
740,250,Wall
750,250,Wall
760,250,Wall
770,250,Wall
780,250,Wall
790,250,Wall
800,250,Route
810,250,Route
820,250,Route
830,250,Route
840,250,Wall
850,250,Wall
860,250,Wall
870,250,Route
880,250,Route
890,250,Route
900,250,Route
910,250,Route
920,250,Route
930,250,Route
940,250,Route
950,250,Route
960,250,Route
970,250,Route
980,250,Route
990,250,Route
1000,250,Route
1010,250,Route
1020,250,Route
1030,250,Route
1040,250,Route
1050,250,Route
1060,250,Wall
1070,250,Wall
1080,250,Route
1090,250,Route
1100,250,Route
1110,250,Route
1120,250,Route
1130,250,Route
1140,250,Route
1150,250,Route
1160,250,Wall
1170,250,Wall
1180,250,Wall
1190,250,Wall
1200,250,Wall
1210,250,Wall
1220,250,Wall
1230,250,Wall
1240,250,Wall
1250,250,Route
1260,250,Route
1270,250,Route
1280,250,Route
1290,250,Route
1300,250,Route
1310,250,Route
1320,250,Route
1330,250,Route
1340,250,Route
1350,250,Route
1360,250,Route
1370,250,Route
1380,250,Route
1390,250,Route
1400,250,Route
1410,250,Route
1420,250,Route
1430,250,Route
1440,250,Route
1450,250,Wall
1460,250,Wall
1470,250,Wall
1480,250,Wall
1490,250,Wall
1500,250,Wall
1510,250,Wall
1520,250,Wall
1530,250,Wall
1540,250,Wall
1550,250,Wall
1560,250,Wall
1570,250,Wall
1580,250,Wall
1590,250,Wall
0,260,Wall
10,260,Wall
20,260,Wall
30,260,Wall
40,260,Wall
50,260,Wall
60,260,Wall
70,260,Wall
80,260,Wall
90,260,Wall
100,260,Wall
110,260,Wall
120,260,Wall
130,260,Wall
140,260,Wall
150,260,Wall
160,260,Wall
170,260,Wall
180,260,Wall
190,260,Wall
200,260,Route
210,260,Route
220,260,Route
230,260,Route
240,260,Route
250,260,Route
260,260,Wall
270,260,Route
280,260,Route
290,260,Route
300,260,Route
310,260,Route
320,260,Route
330,260,Route
340,260,Route
350,260,Route
360,260,Route
370,260,Route
380,260,Route
390,260,Route
400,260,Route
410,260,Wall
420,260,Wall
430,260,Wall
440,260,Wall
450,260,Wall
460,260,Wall
470,260,Wall
480,260,Route
490,260,Route
500,260,Route
510,260,Route
520,260,Route
530,260,Route
540,260,Route
550,260,Route
560,260,Route
570,260,Route
580,260,Route
590,260,Route
600,260,Route
610,260,Route
620,260,Route
630,260,Route
640,260,Route
650,260,Route
660,260,Route
670,260,Route
680,260,Route
690,260,Route
700,260,Route
710,260,Wall
720,260,Wall
730,260,Wall
740,260,Wall
750,260,Wall
760,260,Wall
770,260,Wall
780,260,Wall
790,260,Wall
800,260,Route
810,260,Route
820,260,Route
830,260,Route
840,260,Wall
850,260,Wall
860,260,Wall
870,260,Route
880,260,Route
890,260,Route
900,260,Route
910,260,Route
920,260,Route
930,260,Route
940,260,Route
950,260,Route
960,260,Route
970,260,Route
980,260,Route
990,260,Route
1000,260,Route
1010,260,Route
1020,260,Route
1030,260,Route
1040,260,Route
1050,260,Route
1060,260,Wall
1070,260,Wall
1080,260,Route
1090,260,Route
1100,260,Route
1110,260,Route
1120,260,Route
1130,260,Route
1140,260,Route
1150,260,Route
1160,260,Wall
1170,260,Wall
1180,260,Wall
1190,260,Wall
1200,260,Wall
1210,260,Wall
1220,260,Wall
1230,260,Wall
1240,260,Wall
1250,260,Route
1260,260,Route
1270,260,Route
1280,260,Route
1290,260,Route
1300,260,Route
1310,260,Route
1320,260,Route
1330,260,Route
1340,260,Route
1350,260,Route
1360,260,Route
1370,260,Route
1380,260,Route
1390,260,Route
1400,260,Route
1410,260,Route
1420,260,Route
1430,260,Route
1440,260,Route
1450,260,Wall
1460,260,Wall
1470,260,Wall
1480,260,Wall
1490,260,Wall
1500,260,Wall
1510,260,Wall
1520,260,Wall
1530,260,Wall
1540,260,Wall
1550,260,Wall
1560,260,Wall
1570,260,Wall
1580,260,Wall
1590,260,Wall
0,270,Wall
10,270,Wall
20,270,Wall
30,270,Wall
40,270,Wall
50,270,Wall
60,270,Wall
70,270,Wall
80,270,Wall
90,270,Wall
100,270,Wall
110,270,Wall
120,270,Wall
130,270,Wall
140,270,Wall
150,270,Wall
160,270,Wall
170,270,Wall
180,270,Wall
190,270,Wall
200,270,Route
210,270,Route
220,270,Route
230,270,Route
240,270,Route
250,270,Route
260,270,Wall
270,270,Route
280,270,Route
290,270,Route
300,270,Wall
310,270,Wall
320,270,Wall
330,270,Wall
340,270,Wall
350,270,Wall
360,270,Wall
370,270,Wall
380,270,Wall
390,270,Wall
400,270,Wall
410,270,Wall
420,270,Wall
430,270,Wall
440,270,Wall
450,270,Wall
460,270,Wall
470,270,Wall
480,270,Wall
490,270,Wall
500,270,Wall
510,270,Wall
520,270,Wall
530,270,Wall
540,270,Wall
550,270,Wall
560,270,Wall
570,270,Route
580,270,Route
590,270,Wall
600,270,Wall
610,270,Wall
620,270,Wall
630,270,Wall
640,270,Wall
650,270,Route
660,270,Route
670,270,Route
680,270,Wall
690,270,Wall
700,270,Wall
710,270,Wall
720,270,Wall
730,270,Wall
740,270,Wall
750,270,Wall
760,270,Wall
770,270,Wall
780,270,Wall
790,270,Wall
800,270,Route
810,270,Route
820,270,Route
830,270,Route
840,270,Wall
850,270,Wall
860,270,Wall
870,270,Route
880,270,Route
890,270,Route
900,270,Route
910,270,Route
920,270,Route
930,270,Route
940,270,Route
950,270,Route
960,270,Route
970,270,Route
980,270,Route
990,270,Route
1000,270,Route
1010,270,Route
1020,270,Route
1030,270,Route
1040,270,Route
1050,270,Route
1060,270,Wall
1070,270,Wall
1080,270,Wall
1090,270,Wall
1100,270,Wall
1110,270,Route
1120,270,Route
1130,270,Route
1140,270,Route
1150,270,Route
1160,270,Wall
1170,270,Wall
1180,270,Wall
1190,270,Wall
1200,270,Wall
1210,270,Wall
1220,270,Wall
1230,270,Wall
1240,270,Wall
1250,270,Route
1260,270,Route
1270,270,Route
1280,270,Route
1290,270,Route
1300,270,Route
1310,270,Route
1320,270,Route
1330,270,Route
1340,270,Route
1350,270,Route
1360,270,Route
1370,270,Route
1380,270,Route
1390,270,Route
1400,270,Route
1410,270,Route
1420,270,Route
1430,270,Route
1440,270,Route
1450,270,Wall
1460,270,Wall
1470,270,Wall
1480,270,Wall
1490,270,Wall
1500,270,Wall
1510,270,Wall
1520,270,Wall
1530,270,Wall
1540,270,Wall
1550,270,Wall
1560,270,Wall
1570,270,Wall
1580,270,Wall
1590,270,Wall
0,280,Wall
10,280,Wall
20,280,Wall
30,280,Wall
40,280,Wall
50,280,Wall
60,280,Wall
70,280,Wall
80,280,Wall
90,280,Wall
100,280,Wall
110,280,Wall
120,280,Wall
130,280,Wall
140,280,Wall
150,280,Wall
160,280,Wall
170,280,Wall
180,280,Wall
190,280,Wall
200,280,Route
210,280,Route
220,280,Treasure
230,280,Route
240,280,Route
250,280,Route
260,280,Wall
270,280,Route
280,280,Route
290,280,Route
300,280,Wall
310,280,Wall
320,280,Wall
330,280,Wall
340,280,Wall
350,280,Wall
360,280,Wall
370,280,Wall
380,280,Wall
390,280,Wall
400,280,Wall
410,280,Wall
420,280,Wall
430,280,Wall
440,280,Wall
450,280,Wall
460,280,Wall
470,280,Wall
480,280,Wall
490,280,Wall
500,280,Wall
510,280,Wall
520,280,Wall
530,280,Wall
540,280,Wall
550,280,Wall
560,280,Route
570,280,Route
580,280,Route
590,280,Route
600,280,Wall
610,280,Wall
620,280,Wall
630,280,Wall
640,280,Wall
650,280,Route
660,280,Route
670,280,Route
680,280,Wall
690,280,Wall
700,280,Wall
710,280,Wall
720,280,Wall
730,280,Wall
740,280,Wall
750,280,Wall
760,280,Wall
770,280,Wall
780,280,Wall
790,280,Wall
800,280,Route
810,280,Route
820,280,Route
830,280,Route
840,280,Wall
850,280,Wall
860,280,Wall
870,280,Route
880,280,Route
890,280,Route
900,280,Route
910,280,Route
920,280,Route
930,280,Route
940,280,Route
950,280,Route
960,280,Route
970,280,Route
980,280,Route
990,280,Route
1000,280,Route
1010,280,Route
1020,280,Route
1030,280,Route
1040,280,Route
1050,280,Route
1060,280,Wall
1070,280,Wall
1080,280,Wall
1090,280,Wall
1100,280,Wall
1110,280,Route
1120,280,Route
1130,280,Route
1140,280,Route
1150,280,Wall
1160,280,Wall
1170,280,Wall
1180,280,Wall
1190,280,Wall
1200,280,Wall
1210,280,Wall
1220,280,Wall
1230,280,Wall
1240,280,Wall
1250,280,Route
1260,280,Route
1270,280,Route
1280,280,Route
1290,280,Route
1300,280,Route
1310,280,Route
1320,280,Route
1330,280,Route
1340,280,Route
1350,280,Route
1360,280,Route
1370,280,Route
1380,280,Route
1390,280,Route
1400,280,Route
1410,280,Route
1420,280,Route
1430,280,Route
1440,280,Route
1450,280,Wall
1460,280,Wall
1470,280,Wall
1480,280,Wall
1490,280,Wall
1500,280,Wall
1510,280,Wall
1520,280,Wall
1530,280,Wall
1540,280,Wall
1550,280,Wall
1560,280,Wall
1570,280,Wall
1580,280,Wall
1590,280,Wall
0,290,Wall
10,290,Wall
20,290,Wall
30,290,Wall
40,290,Wall
50,290,Wall
60,290,Wall
70,290,Wall
80,290,Wall
90,290,Wall
100,290,Wall
110,290,Wall
120,290,Wall
130,290,Wall
140,290,Wall
150,290,Wall
160,290,Wall
170,290,Wall
180,290,Wall
190,290,Wall
200,290,Route
210,290,Route
220,290,Route
230,290,Route
240,290,Route
250,290,Route
260,290,Wall
270,290,Route
280,290,Route
290,290,Route
300,290,Wall
310,290,Wall
320,290,Wall
330,290,Wall
340,290,Wall
350,290,Wall
360,290,Wall
370,290,Wall
380,290,Wall
390,290,Wall
400,290,Wall
410,290,Wall
420,290,Wall
430,290,Wall
440,290,Wall
450,290,Wall
460,290,Wall
470,290,Wall
480,290,Wall
490,290,Wall
500,290,Wall
510,290,Wall
520,290,Wall
530,290,Wall
540,290,Wall
550,290,Wall
560,290,Route
570,290,Route
580,290,Route
590,290,Route
600,290,Wall
610,290,Wall
620,290,Wall
630,290,Wall
640,290,Wall
650,290,Route
660,290,Route
670,290,Route
680,290,Wall
690,290,Wall
700,290,Wall
710,290,Wall
720,290,Wall
730,290,Wall
740,290,Wall
750,290,Wall
760,290,Wall
770,290,Wall
780,290,Wall
790,290,Wall
800,290,Route
810,290,Route
820,290,Route
830,290,Route
840,290,Wall
850,290,Wall
860,290,Wall
870,290,Route
880,290,Route
890,290,Route
900,290,Route
910,290,Route
920,290,Route
930,290,Route
940,290,Route
950,290,Route
960,290,Route
970,290,Route
980,290,Route
990,290,Route
1000,290,Route
1010,290,Route
1020,290,Route
1030,290,Route
1040,290,Route
1050,290,Route
1060,290,Wall
1070,290,Wall
1080,290,Wall
1090,290,Wall
1100,290,Wall
1110,290,Route
1120,290,Route
1130,290,Route
1140,290,Route
1150,290,Wall
1160,290,Wall
1170,290,Wall
1180,290,Wall
1190,290,Wall
1200,290,Wall
1210,290,Wall
1220,290,Wall
1230,290,Wall
1240,290,Wall
1250,290,Route
1260,290,Route
1270,290,Route
1280,290,Route
1290,290,Route
1300,290,Route
1310,290,Route
1320,290,Route
1330,290,Route
1340,290,Route
1350,290,Route
1360,290,Route
1370,290,Route
1380,290,Route
1390,290,Route
1400,290,Route
1410,290,Route
1420,290,Route
1430,290,Route
1440,290,Route
1450,290,Wall
1460,290,Wall
1470,290,Wall
1480,290,Wall
1490,290,Wall
1500,290,Wall
1510,290,Wall
1520,290,Wall
1530,290,Wall
1540,290,Wall
1550,290,Wall
1560,290,Wall
1570,290,Wall
1580,290,Wall
1590,290,Wall
0,300,Wall
10,300,Wall
20,300,Wall
30,300,Wall
40,300,Wall
50,300,Wall
60,300,Wall
70,300,Wall
80,300,Wall
90,300,Wall
100,300,Wall
110,300,Wall
120,300,Wall
130,300,Wall
140,300,Wall
150,300,Wall
160,300,Wall
170,300,Wall
180,300,Wall
190,300,Wall
200,300,Route
210,300,Route
220,300,Route
230,300,Route
240,300,Route
250,300,Route
260,300,Wall
270,300,Route
280,300,Route
290,300,Route
300,300,Wall
310,300,Wall
320,300,Wall
330,300,Wall
340,300,Wall
350,300,Wall
360,300,Wall
370,300,Wall
380,300,Wall
390,300,Wall
400,300,Wall
410,300,Wall
420,300,Wall
430,300,Wall
440,300,Wall
450,300,Wall
460,300,Wall
470,300,Wall
480,300,Wall
490,300,Wall
500,300,Wall
510,300,Wall
520,300,Wall
530,300,Wall
540,300,Wall
550,300,Wall
560,300,Route
570,300,Route
580,300,Route
590,300,Route
600,300,Wall
610,300,Wall
620,300,Wall
630,300,Wall
640,300,Wall
650,300,Wall
660,300,Route
670,300,Route
680,300,Wall
690,300,Wall
700,300,Wall
710,300,Wall
720,300,Wall
730,300,Wall
740,300,Wall
750,300,Wall
760,300,Wall
770,300,Wall
780,300,Wall
790,300,Wall
800,300,Route
810,300,Route
820,300,Route
830,300,Route
840,300,Wall
850,300,Wall
860,300,Wall
870,300,Wall
880,300,Wall
890,300,Wall
900,300,Wall
910,300,Wall
920,300,Wall
930,300,Wall
940,300,Route
950,300,Route
960,300,Route
970,300,Route
980,300,Route
990,300,Wall
1000,300,Wall
1010,300,Wall
1020,300,Wall
1030,300,Wall
1040,300,Wall
1050,300,Wall
1060,300,Wall
1070,300,Wall
1080,300,Wall
1090,300,Wall
1100,300,Wall
1110,300,Route
1120,300,Route
1130,300,Route
1140,300,Route
1150,300,Wall
1160,300,Wall
1170,300,Wall
1180,300,Wall
1190,300,Wall
1200,300,Wall
1210,300,Wall
1220,300,Wall
1230,300,Wall
1240,300,Wall
1250,300,Route
1260,300,Route
1270,300,Route
1280,300,Route
1290,300,Route
1300,300,Route
1310,300,Route
1320,300,Route
1330,300,Route
1340,300,Route
1350,300,Route
1360,300,Route
1370,300,Route
1380,300,Route
1390,300,Route
1400,300,Route
1410,300,Route
1420,300,Route
1430,300,Route
1440,300,Route
1450,300,Wall
1460,300,Wall
1470,300,Wall
1480,300,Wall
1490,300,Wall
1500,300,Wall
1510,300,Wall
1520,300,Wall
1530,300,Wall
1540,300,Wall
1550,300,Wall
1560,300,Wall
1570,300,Wall
1580,300,Wall
1590,300,Wall
0,310,Wall
10,310,Wall
20,310,Wall
30,310,Wall
40,310,Wall
50,310,Wall
60,310,Wall
70,310,Wall
80,310,Wall
90,310,Wall
100,310,Wall
110,310,Wall
120,310,Wall
130,310,Wall
140,310,Wall
150,310,Wall
160,310,Wall
170,310,Wall
180,310,Wall
190,310,Wall
200,310,Route
210,310,Route
220,310,Route
230,310,Route
240,310,Route
250,310,Route
260,310,Wall
270,310,Route
280,310,Route
290,310,Route
300,310,Wall
310,310,Wall
320,310,Wall
330,310,Wall
340,310,Wall
350,310,Wall
360,310,Wall
370,310,Wall
380,310,Wall
390,310,Wall
400,310,Wall
410,310,Wall
420,310,Wall
430,310,Wall
440,310,Wall
450,310,Wall
460,310,Wall
470,310,Wall
480,310,Wall
490,310,Wall
500,310,Wall
510,310,Wall
520,310,Wall
530,310,Wall
540,310,Wall
550,310,Wall
560,310,Wall
570,310,Wall
580,310,Wall
590,310,Wall
600,310,Wall
610,310,Wall
620,310,Wall
630,310,Wall
640,310,Wall
650,310,Wall
660,310,Route
670,310,Route
680,310,Wall
690,310,Wall
700,310,Wall
710,310,Wall
720,310,Wall
730,310,Wall
740,310,Wall
750,310,Wall
760,310,Wall
770,310,Wall
780,310,Wall
790,310,Wall
800,310,Route
810,310,Route
820,310,Route
830,310,Route
840,310,Wall
850,310,Wall
860,310,Wall
870,310,Wall
880,310,Wall
890,310,Wall
900,310,Wall
910,310,Wall
920,310,Wall
930,310,Wall
940,310,Route
950,310,Route
960,310,Route
970,310,Route
980,310,Route
990,310,Wall
1000,310,Wall
1010,310,Wall
1020,310,Wall
1030,310,Wall
1040,310,Wall
1050,310,Wall
1060,310,Wall
1070,310,Wall
1080,310,Wall
1090,310,Wall
1100,310,Wall
1110,310,Route
1120,310,Route
1130,310,Route
1140,310,Route
1150,310,Wall
1160,310,Wall
1170,310,Wall
1180,310,Wall
1190,310,Wall
1200,310,Wall
1210,310,Wall
1220,310,Wall
1230,310,Wall
1240,310,Wall
1250,310,Route
1260,310,Route
1270,310,Route
1280,310,Route
1290,310,Route
1300,310,Route
1310,310,Route
1320,310,Route
1330,310,Route
1340,310,Route
1350,310,Route
1360,310,Route
1370,310,Route
1380,310,Route
1390,310,Route
1400,310,Route
1410,310,Route
1420,310,Route
1430,310,Route
1440,310,Route
1450,310,Wall
1460,310,Wall
1470,310,Wall
1480,310,Wall
1490,310,Wall
1500,310,Wall
1510,310,Wall
1520,310,Wall
1530,310,Wall
1540,310,Wall
1550,310,Wall
1560,310,Wall
1570,310,Wall
1580,310,Wall
1590,310,Wall
0,320,Wall
10,320,Wall
20,320,Wall
30,320,Wall
40,320,Wall
50,320,Wall
60,320,Wall
70,320,Wall
80,320,Wall
90,320,Wall
100,320,Wall
110,320,Wall
120,320,Wall
130,320,Wall
140,320,Wall
150,320,Wall
160,320,Wall
170,320,Wall
180,320,Wall
190,320,Wall
200,320,Route
210,320,Route
220,320,Route
230,320,Route
240,320,Route
250,320,Route
260,320,Wall
270,320,Route
280,320,Route
290,320,Route
300,320,Wall
310,320,Wall
320,320,Wall
330,320,Wall
340,320,Wall
350,320,Wall
360,320,Wall
370,320,Wall
380,320,Wall
390,320,Wall
400,320,Wall
410,320,Wall
420,320,Wall
430,320,Wall
440,320,Wall
450,320,Wall
460,320,Wall
470,320,Wall
480,320,Wall
490,320,Wall
500,320,Wall
510,320,Wall
520,320,Wall
530,320,Wall
540,320,Wall
550,320,Wall
560,320,Wall
570,320,Wall
580,320,Wall
590,320,Wall
600,320,Wall
610,320,Wall
620,320,Wall
630,320,Wall
640,320,Treasure
650,320,Battle
660,320,Route
670,320,Route
680,320,Battle
690,320,Treasure
700,320,Wall
710,320,Wall
720,320,Wall
730,320,Wall
740,320,Wall
750,320,Wall
760,320,Wall
770,320,Wall
780,320,Wall
790,320,Wall
800,320,Route
810,320,Route
820,320,Route
830,320,Route
840,320,Wall
850,320,Wall
860,320,Wall
870,320,Wall
880,320,Wall
890,320,Wall
900,320,Wall
910,320,Wall
920,320,Wall
930,320,Wall
940,320,Route
950,320,Route
960,320,Route
970,320,Route
980,320,Route
990,320,Wall
1000,320,Wall
1010,320,Wall
1020,320,Wall
1030,320,Wall
1040,320,Wall
1050,320,Wall
1060,320,Wall
1070,320,Wall
1080,320,Wall
1090,320,Wall
1100,320,Wall
1110,320,Route
1120,320,Route
1130,320,Route
1140,320,Route
1150,320,Wall
1160,320,Wall
1170,320,Wall
1180,320,Wall
1190,320,Wall
1200,320,Wall
1210,320,Wall
1220,320,Wall
1230,320,Wall
1240,320,Wall
1250,320,Route
1260,320,Route
1270,320,Route
1280,320,Route
1290,320,Route
1300,320,Route
1310,320,Route
1320,320,Route
1330,320,Route
1340,320,Route
1350,320,Battle
1360,320,Route
1370,320,Route
1380,320,Route
1390,320,Route
1400,320,Route
1410,320,Route
1420,320,Route
1430,320,Route
1440,320,Route
1450,320,Wall
1460,320,Wall
1470,320,Wall
1480,320,Wall
1490,320,Wall
1500,320,Wall
1510,320,Wall
1520,320,Wall
1530,320,Wall
1540,320,Wall
1550,320,Wall
1560,320,Wall
1570,320,Wall
1580,320,Wall
1590,320,Wall
0,330,Wall
10,330,Wall
20,330,Wall
30,330,Wall
40,330,Wall
50,330,Wall
60,330,Wall
70,330,Wall
80,330,Wall
90,330,Wall
100,330,Wall
110,330,Wall
120,330,Wall
130,330,Wall
140,330,Wall
150,330,Wall
160,330,Wall
170,330,Wall
180,330,Wall
190,330,Wall
200,330,Route
210,330,Route
220,330,Route
230,330,Route
240,330,Route
250,330,Route
260,330,Wall
270,330,Route
280,330,Route
290,330,Route
300,330,Wall
310,330,Wall
320,330,Wall
330,330,Wall
340,330,Wall
350,330,Wall
360,330,Wall
370,330,Wall
380,330,Wall
390,330,Wall
400,330,Wall
410,330,Wall
420,330,Wall
430,330,Wall
440,330,Wall
450,330,Wall
460,330,Wall
470,330,Wall
480,330,Wall
490,330,Wall
500,330,Wall
510,330,Wall
520,330,Wall
530,330,Wall
540,330,Wall
550,330,Wall
560,330,Wall
570,330,Wall
580,330,Wall
590,330,Wall
600,330,Wall
610,330,Wall
620,330,Wall
630,330,Wall
640,330,Wall
650,330,Wall
660,330,Route
670,330,Route
680,330,Wall
690,330,Wall
700,330,Wall
710,330,Wall
720,330,Wall
730,330,Wall
740,330,Wall
750,330,Wall
760,330,Wall
770,330,Wall
780,330,Wall
790,330,Wall
800,330,Route
810,330,Route
820,330,Route
830,330,Route
840,330,Wall
850,330,Wall
860,330,Wall
870,330,Wall
880,330,Wall
890,330,Wall
900,330,Wall
910,330,Wall
920,330,Wall
930,330,Wall
940,330,Wall
950,330,Wall
960,330,Route
970,330,Route
980,330,Wall
990,330,Wall
1000,330,Wall
1010,330,Wall
1020,330,Wall
1030,330,Wall
1040,330,Wall
1050,330,Wall
1060,330,Wall
1070,330,Wall
1080,330,Wall
1090,330,Wall
1100,330,Wall
1110,330,Route
1120,330,Route
1130,330,Route
1140,330,Route
1150,330,Wall
1160,330,Wall
1170,330,Wall
1180,330,Wall
1190,330,Wall
1200,330,Wall
1210,330,Wall
1220,330,Wall
1230,330,Wall
1240,330,Wall
1250,330,Route
1260,330,Route
1270,330,Route
1280,330,Route
1290,330,Route
1300,330,Route
1310,330,Route
1320,330,Route
1330,330,Route
1340,330,Route
1350,330,Route
1360,330,Route
1370,330,Route
1380,330,Route
1390,330,Route
1400,330,Route
1410,330,Route
1420,330,Route
1430,330,Route
1440,330,Route
1450,330,Wall
1460,330,Wall
1470,330,Route
1480,330,Route
1490,330,Route
1500,330,Route
1510,330,Route
1520,330,Route
1530,330,Wall
1540,330,Wall
1550,330,Wall
1560,330,Wall
1570,330,Wall
1580,330,Wall
1590,330,Wall
0,340,Wall
10,340,Wall
20,340,Wall
30,340,Wall
40,340,Wall
50,340,Wall
60,340,Wall
70,340,Wall
80,340,Wall
90,340,Wall
100,340,Wall
110,340,Wall
120,340,Wall
130,340,Wall
140,340,Wall
150,340,Wall
160,340,Wall
170,340,Wall
180,340,Wall
190,340,Wall
200,340,Route
210,340,Route
220,340,Route
230,340,Route
240,340,Route
250,340,Route
260,340,Wall
270,340,Route
280,340,Route
290,340,Route
300,340,Wall
310,340,Wall
320,340,Wall
330,340,Wall
340,340,Wall
350,340,Wall
360,340,Wall
370,340,Wall
380,340,Wall
390,340,Wall
400,340,Wall
410,340,Wall
420,340,Wall
430,340,Wall
440,340,Wall
450,340,Wall
460,340,Wall
470,340,Wall
480,340,Wall
490,340,Wall
500,340,Wall
510,340,Wall
520,340,Wall
530,340,Wall
540,340,Wall
550,340,Wall
560,340,Wall
570,340,Wall
580,340,Wall
590,340,Wall
600,340,Wall
610,340,Wall
620,340,Wall
630,340,Wall
640,340,Wall
650,340,Wall
660,340,Route
670,340,Route
680,340,Wall
690,340,Wall
700,340,Wall
710,340,Wall
720,340,Wall
730,340,Wall
740,340,Wall
750,340,Wall
760,340,Wall
770,340,Wall
780,340,Wall
790,340,Wall
800,340,Route
810,340,Route
820,340,Route
830,340,Route
840,340,Wall
850,340,Wall
860,340,Wall
870,340,Wall
880,340,Wall
890,340,Wall
900,340,Wall
910,340,Wall
920,340,Wall
930,340,Wall
940,340,Wall
950,340,Wall
960,340,Route
970,340,Route
980,340,Wall
990,340,Wall
1000,340,Wall
1010,340,Wall
1020,340,Wall
1030,340,Wall
1040,340,Wall
1050,340,Wall
1060,340,Wall
1070,340,Wall
1080,340,Wall
1090,340,Wall
1100,340,Wall
1110,340,Route
1120,340,Route
1130,340,Route
1140,340,Route
1150,340,Wall
1160,340,Wall
1170,340,Wall
1180,340,Wall
1190,340,Wall
1200,340,Wall
1210,340,Wall
1220,340,Wall
1230,340,Wall
1240,340,Wall
1250,340,Route
1260,340,Route
1270,340,Route
1280,340,Route
1290,340,Route
1300,340,Route
1310,340,Route
1320,340,Route
1330,340,Route
1340,340,Route
1350,340,Route
1360,340,Route
1370,340,Route
1380,340,Route
1390,340,Route
1400,340,Route
1410,340,Route
1420,340,Route
1430,340,Route
1440,340,Route
1450,340,Wall
1460,340,Wall
1470,340,Route
1480,340,Route
1490,340,Route
1500,340,Route
1510,340,Route
1520,340,Route
1530,340,Wall
1540,340,Wall
1550,340,Wall
1560,340,Wall
1570,340,Wall
1580,340,Wall
1590,340,Wall
0,350,Wall
10,350,Wall
20,350,Wall
30,350,Wall
40,350,Wall
50,350,Wall
60,350,Wall
70,350,Wall
80,350,Wall
90,350,Wall
100,350,Wall
110,350,Wall
120,350,Wall
130,350,Wall
140,350,Wall
150,350,Wall
160,350,Wall
170,350,Route
180,350,Route
190,350,Route
200,350,Route
210,350,Route
220,350,Route
230,350,Route
240,350,Route
250,350,Route
260,350,Wall
270,350,Route
280,350,Route
290,350,Route
300,350,Wall
310,350,Wall
320,350,Wall
330,350,Wall
340,350,Wall
350,350,Wall
360,350,Wall
370,350,Wall
380,350,Wall
390,350,Wall
400,350,Wall
410,350,Wall
420,350,Wall
430,350,Wall
440,350,Wall
450,350,Wall
460,350,Wall
470,350,Wall
480,350,Wall
490,350,Wall
500,350,Wall
510,350,Wall
520,350,Wall
530,350,Wall
540,350,Wall
550,350,Wall
560,350,Wall
570,350,Wall
580,350,Wall
590,350,Wall
600,350,Wall
610,350,Wall
620,350,Wall
630,350,Wall
640,350,Wall
650,350,Wall
660,350,Route
670,350,Route
680,350,Wall
690,350,Wall
700,350,Wall
710,350,Wall
720,350,Wall
730,350,Wall
740,350,Wall
750,350,Wall
760,350,Wall
770,350,Wall
780,350,Wall
790,350,Wall
800,350,Route
810,350,Route
820,350,Route
830,350,Route
840,350,Wall
850,350,Wall
860,350,Wall
870,350,Wall
880,350,Wall
890,350,Wall
900,350,Wall
910,350,Wall
920,350,Wall
930,350,Wall
940,350,Wall
950,350,Wall
960,350,Route
970,350,Route
980,350,Wall
990,350,Wall
1000,350,Wall
1010,350,Wall
1020,350,Wall
1030,350,Wall
1040,350,Wall
1050,350,Wall
1060,350,Wall
1070,350,Wall
1080,350,Wall
1090,350,Wall
1100,350,Wall
1110,350,Route
1120,350,Route
1130,350,Route
1140,350,Route
1150,350,Wall
1160,350,Wall
1170,350,Wall
1180,350,Wall
1190,350,Wall
1200,350,Wall
1210,350,Wall
1220,350,Wall
1230,350,Wall
1240,350,Wall
1250,350,Route
1260,350,Route
1270,350,Route
1280,350,Route
1290,350,Route
1300,350,Route
1310,350,Route
1320,350,Route
1330,350,Route
1340,350,Route
1350,350,Route
1360,350,Route
1370,350,Route
1380,350,Route
1390,350,Route
1400,350,Route
1410,350,Route
1420,350,Route
1430,350,Route
1440,350,Route
1450,350,Wall
1460,350,Wall
1470,350,Route
1480,350,Route
1490,350,Route
1500,350,Route
1510,350,Route
1520,350,Route
1530,350,Wall
1540,350,Wall
1550,350,Wall
1560,350,Wall
1570,350,Wall
1580,350,Wall
1590,350,Wall
0,360,Wall
10,360,Wall
20,360,Wall
30,360,Wall
40,360,Wall
50,360,Wall
60,360,Wall
70,360,Wall
80,360,Wall
90,360,Wall
100,360,Wall
110,360,Wall
120,360,Wall
130,360,Wall
140,360,Wall
150,360,Wall
160,360,Wall
170,360,Route
180,360,Route
190,360,Route
200,360,Route
210,360,Route
220,360,Route
230,360,Route
240,360,Route
250,360,Route
260,360,Wall
270,360,Route
280,360,Route
290,360,Route
300,360,Wall
310,360,Wall
320,360,Wall
330,360,Wall
340,360,Wall
350,360,Wall
360,360,Wall
370,360,Wall
380,360,Wall
390,360,Wall
400,360,Wall
410,360,Wall
420,360,Wall
430,360,Wall
440,360,Wall
450,360,Wall
460,360,Wall
470,360,Wall
480,360,Wall
490,360,Wall
500,360,Wall
510,360,Wall
520,360,Wall
530,360,Wall
540,360,Wall
550,360,Wall
560,360,Wall
570,360,Wall
580,360,Wall
590,360,Wall
600,360,Wall
610,360,Wall
620,360,Wall
630,360,Wall
640,360,Wall
650,360,Wall
660,360,Route
670,360,Route
680,360,Wall
690,360,Wall
700,360,Wall
710,360,Wall
720,360,Wall
730,360,Wall
740,360,Wall
750,360,Wall
760,360,Wall
770,360,Wall
780,360,Wall
790,360,Wall
800,360,Route
810,360,Route
820,360,Route
830,360,Route
840,360,Wall
850,360,Wall
860,360,Wall
870,360,Wall
880,360,Wall
890,360,Wall
900,360,Wall
910,360,Wall
920,360,Wall
930,360,Wall
940,360,Wall
950,360,Wall
960,360,Route
970,360,Route
980,360,Wall
990,360,Wall
1000,360,Wall
1010,360,Wall
1020,360,Wall
1030,360,Wall
1040,360,Wall
1050,360,Wall
1060,360,Wall
1070,360,Wall
1080,360,Wall
1090,360,Wall
1100,360,Wall
1110,360,Route
1120,360,Route
1130,360,Route
1140,360,Route
1150,360,Route
1160,360,Route
1170,360,Route
1180,360,Route
1190,360,Route
1200,360,Route
1210,360,Route
1220,360,Route
1230,360,Route
1240,360,Route
1250,360,Route
1260,360,Route
1270,360,Route
1280,360,Route
1290,360,Route
1300,360,Route
1310,360,Route
1320,360,Route
1330,360,Route
1340,360,Route
1350,360,Route
1360,360,Route
1370,360,Route
1380,360,Route
1390,360,Route
1400,360,Route
1410,360,Route
1420,360,Route
1430,360,Route
1440,360,Route
1450,360,Route
1460,360,Battle
1470,360,Route
1480,360,Route
1490,360,Route
1500,360,Treasure
1510,360,Route
1520,360,Route
1530,360,Wall
1540,360,Wall
1550,360,Wall
1560,360,Wall
1570,360,Wall
1580,360,Wall
1590,360,Wall
0,370,Wall
10,370,Wall
20,370,Wall
30,370,Wall
40,370,Wall
50,370,Wall
60,370,Wall
70,370,Wall
80,370,Wall
90,370,Wall
100,370,Wall
110,370,Wall
120,370,Wall
130,370,Wall
140,370,Wall
150,370,Wall
160,370,Wall
170,370,Route
180,370,Route
190,370,Route
200,370,Route
210,370,Route
220,370,Route
230,370,Route
240,370,Route
250,370,Route
260,370,Wall
270,370,Route
280,370,Route
290,370,Route
300,370,Wall
310,370,Wall
320,370,Wall
330,370,Wall
340,370,Wall
350,370,Wall
360,370,Wall
370,370,Wall
380,370,Wall
390,370,Wall
400,370,Wall
410,370,Wall
420,370,Wall
430,370,Wall
440,370,Wall
450,370,Wall
460,370,Wall
470,370,Wall
480,370,Wall
490,370,Wall
500,370,Wall
510,370,Wall
520,370,Wall
530,370,Wall
540,370,Wall
550,370,Wall
560,370,Wall
570,370,Wall
580,370,Wall
590,370,Wall
600,370,Wall
610,370,Wall
620,370,Wall
630,370,Wall
640,370,Wall
650,370,Wall
660,370,Route
670,370,Route
680,370,Wall
690,370,Wall
700,370,Wall
710,370,Wall
720,370,Wall
730,370,Wall
740,370,Wall
750,370,Wall
760,370,Wall
770,370,Wall
780,370,Wall
790,370,Wall
800,370,Route
810,370,Route
820,370,Route
830,370,Route
840,370,Wall
850,370,Wall
860,370,Wall
870,370,Wall
880,370,Wall
890,370,Wall
900,370,Wall
910,370,Wall
920,370,Wall
930,370,Wall
940,370,Wall
950,370,Wall
960,370,Route
970,370,Route
980,370,Wall
990,370,Wall
1000,370,Wall
1010,370,Wall
1020,370,Wall
1030,370,Wall
1040,370,Wall
1050,370,Wall
1060,370,Wall
1070,370,Wall
1080,370,Wall
1090,370,Wall
1100,370,Wall
1110,370,Route
1120,370,Route
1130,370,Route
1140,370,Route
1150,370,Route
1160,370,Route
1170,370,Route
1180,370,Route
1190,370,Route
1200,370,Route
1210,370,Route
1220,370,Route
1230,370,Route
1240,370,Route
1250,370,Route
1260,370,Route
1270,370,Route
1280,370,Route
1290,370,Route
1300,370,Route
1310,370,Route
1320,370,Route
1330,370,Route
1340,370,Route
1350,370,Route
1360,370,Route
1370,370,Route
1380,370,Route
1390,370,Route
1400,370,Route
1410,370,Route
1420,370,Route
1430,370,Route
1440,370,Route
1450,370,Wall
1460,370,Wall
1470,370,Route
1480,370,Route
1490,370,Route
1500,370,Route
1510,370,Route
1520,370,Route
1530,370,Wall
1540,370,Wall
1550,370,Wall
1560,370,Wall
1570,370,Wall
1580,370,Wall
1590,370,Wall
0,380,Wall
10,380,Wall
20,380,Wall
30,380,Wall
40,380,Wall
50,380,Wall
60,380,Wall
70,380,Wall
80,380,Wall
90,380,Wall
100,380,Wall
110,380,Wall
120,380,Wall
130,380,Wall
140,380,Wall
150,380,Wall
160,380,Wall
170,380,Route
180,380,Route
190,380,Route
200,380,Route
210,380,Route
220,380,Route
230,380,Route
240,380,Route
250,380,Route
260,380,Wall
270,380,Route
280,380,Route
290,380,Route
300,380,Wall
310,380,Wall
320,380,Wall
330,380,Wall
340,380,Wall
350,380,Wall
360,380,Wall
370,380,Wall
380,380,Wall
390,380,Wall
400,380,Wall
410,380,Wall
420,380,Wall
430,380,Wall
440,380,Wall
450,380,Wall
460,380,Wall
470,380,Wall
480,380,Wall
490,380,Wall
500,380,Wall
510,380,Wall
520,380,Wall
530,380,Wall
540,380,Wall
550,380,Wall
560,380,Wall
570,380,Wall
580,380,Wall
590,380,Wall
600,380,Wall
610,380,Wall
620,380,Wall
630,380,Wall
640,380,Wall
650,380,Wall
660,380,Route
670,380,Route
680,380,Wall
690,380,Wall
700,380,Wall
710,380,Wall
720,380,Route
730,380,Route
740,380,Route
750,380,Route
760,380,Route
770,380,Route
780,380,Route
790,380,Route
800,380,Route
810,380,Route
820,380,Route
830,380,Route
840,380,Route
850,380,Route
860,380,Route
870,380,Route
880,380,Route
890,380,Route
900,380,Route
910,380,Route
920,380,Route
930,380,Wall
940,380,Wall
950,380,Wall
960,380,Route
970,380,Route
980,380,Wall
990,380,Wall
1000,380,Wall
1010,380,Wall
1020,380,Wall
1030,380,Wall
1040,380,Wall
1050,380,Wall
1060,380,Wall
1070,380,Wall
1080,380,Wall
1090,380,Wall
1100,380,Wall
1110,380,Route
1120,380,Route
1130,380,Route
1140,380,Route
1150,380,Route
1160,380,Route
1170,380,Route
1180,380,Route
1190,380,Route
1200,380,Route
1210,380,Route
1220,380,Wall
1230,380,Wall
1240,380,Wall
1250,380,Route
1260,380,Route
1270,380,Route
1280,380,Route
1290,380,Route
1300,380,Route
1310,380,Route
1320,380,Route
1330,380,Route
1340,380,Route
1350,380,Route
1360,380,Route
1370,380,Route
1380,380,Route
1390,380,Route
1400,380,Route
1410,380,Route
1420,380,Route
1430,380,Route
1440,380,Route
1450,380,Wall
1460,380,Wall
1470,380,Route
1480,380,Route
1490,380,Route
1500,380,Route
1510,380,Route
1520,380,Route
1530,380,Wall
1540,380,Wall
1550,380,Wall
1560,380,Wall
1570,380,Wall
1580,380,Wall
1590,380,Wall
0,390,Wall
10,390,Wall
20,390,Wall
30,390,Wall
40,390,Wall
50,390,Wall
60,390,Wall
70,390,Wall
80,390,Wall
90,390,Wall
100,390,Wall
110,390,Wall
120,390,Wall
130,390,Wall
140,390,Wall
150,390,Wall
160,390,Route
170,390,Route
180,390,Route
190,390,Route
200,390,Route
210,390,Route
220,390,Route
230,390,Route
240,390,Route
250,390,Route
260,390,Wall
270,390,Route
280,390,Route
290,390,Route
300,390,Wall
310,390,Wall
320,390,Wall
330,390,Wall
340,390,Wall
350,390,Wall
360,390,Wall
370,390,Wall
380,390,Wall
390,390,Wall
400,390,Wall
410,390,Wall
420,390,Wall
430,390,Wall
440,390,Wall
450,390,Wall
460,390,Wall
470,390,Wall
480,390,Wall
490,390,Wall
500,390,Wall
510,390,Wall
520,390,Wall
530,390,Wall
540,390,Wall
550,390,Wall
560,390,Wall
570,390,Wall
580,390,Wall
590,390,Wall
600,390,Wall
610,390,Wall
620,390,Wall
630,390,Wall
640,390,Wall
650,390,Wall
660,390,Route
670,390,Route
680,390,Wall
690,390,Wall
700,390,Wall
710,390,Wall
720,390,Route
730,390,Route
740,390,Route
750,390,Route
760,390,Route
770,390,Route
780,390,Route
790,390,Route
800,390,Route
810,390,Route
820,390,Route
830,390,Route
840,390,Route
850,390,Route
860,390,Route
870,390,Route
880,390,Route
890,390,Route
900,390,Route
910,390,Route
920,390,Route
930,390,Wall
940,390,Wall
950,390,Wall
960,390,Route
970,390,Route
980,390,Wall
990,390,Wall
1000,390,Wall
1010,390,Wall
1020,390,Wall
1030,390,Wall
1040,390,Wall
1050,390,Wall
1060,390,Wall
1070,390,Wall
1080,390,Wall
1090,390,Wall
1100,390,Wall
1110,390,Route
1120,390,Route
1130,390,Route
1140,390,Route
1150,390,Route
1160,390,Route
1170,390,Route
1180,390,Route
1190,390,Route
1200,390,Route
1210,390,Route
1220,390,Wall
1230,390,Wall
1240,390,Wall
1250,390,Route
1260,390,Route
1270,390,Route
1280,390,Route
1290,390,Route
1300,390,Route
1310,390,Route
1320,390,Route
1330,390,Route
1340,390,Route
1350,390,Route
1360,390,Route
1370,390,Route
1380,390,Route
1390,390,Route
1400,390,Route
1410,390,Route
1420,390,Route
1430,390,Route
1440,390,Route
1450,390,Wall
1460,390,Wall
1470,390,Route
1480,390,Route
1490,390,Route
1500,390,Route
1510,390,Route
1520,390,Route
1530,390,Wall
1540,390,Wall
1550,390,Wall
1560,390,Wall
1570,390,Wall
1580,390,Wall
1590,390,Wall
0,400,Wall
10,400,Wall
20,400,Wall
30,400,Wall
40,400,Wall
50,400,Wall
60,400,Wall
70,400,Wall
80,400,Wall
90,400,Wall
100,400,Route
110,400,Route
120,400,Route
130,400,Route
140,400,Route
150,400,Route
160,400,Route
170,400,Route
180,400,Route
190,400,Route
200,400,Route
210,400,Route
220,400,Route
230,400,Route
240,400,Route
250,400,Route
260,400,Wall
270,400,Route
280,400,Route
290,400,Route
300,400,Wall
310,400,Wall
320,400,Route
330,400,Route
340,400,Route
350,400,Route
360,400,Route
370,400,Wall
380,400,Wall
390,400,Wall
400,400,Wall
410,400,Wall
420,400,Wall
430,400,Wall
440,400,Wall
450,400,Wall
460,400,Wall
470,400,Wall
480,400,Wall
490,400,Wall
500,400,Wall
510,400,Wall
520,400,Wall
530,400,Wall
540,400,Wall
550,400,Wall
560,400,Wall
570,400,Wall
580,400,Wall
590,400,Wall
600,400,Wall
610,400,Wall
620,400,Wall
630,400,Wall
640,400,Wall
650,400,Wall
660,400,Route
670,400,Route
680,400,Wall
690,400,Wall
700,400,Wall
710,400,Wall
720,400,Route
730,400,Route
740,400,Route
750,400,Route
760,400,Route
770,400,Route
780,400,Route
790,400,Route
800,400,Route
810,400,Route
820,400,Route
830,400,Route
840,400,Route
850,400,Route
860,400,Route
870,400,Route
880,400,Route
890,400,Route
900,400,Route
910,400,Route
920,400,Route
930,400,Wall
940,400,Wall
950,400,Wall
960,400,Route
970,400,Route
980,400,Wall
990,400,Wall
1000,400,Wall
1010,400,Wall
1020,400,Wall
1030,400,Wall
1040,400,Wall
1050,400,Wall
1060,400,Wall
1070,400,Wall
1080,400,Wall
1090,400,Wall
1100,400,Wall
1110,400,Route
1120,400,Route
1130,400,Route
1140,400,Route
1150,400,Wall
1160,400,Wall
1170,400,Route
1180,400,Route
1190,400,Route
1200,400,Route
1210,400,Route
1220,400,Wall
1230,400,Wall
1240,400,Wall
1250,400,Route
1260,400,Route
1270,400,Route
1280,400,Route
1290,400,Route
1300,400,Route
1310,400,Route
1320,400,Route
1330,400,Route
1340,400,Route
1350,400,Route
1360,400,Route
1370,400,Route
1380,400,Route
1390,400,Route
1400,400,Route
1410,400,Route
1420,400,Route
1430,400,Route
1440,400,Route
1450,400,Wall
1460,400,Wall
1470,400,Wall
1480,400,Wall
1490,400,Wall
1500,400,Wall
1510,400,Wall
1520,400,Wall
1530,400,Wall
1540,400,Wall
1550,400,Wall
1560,400,Wall
1570,400,Wall
1580,400,Wall
1590,400,Wall
0,410,Wall
10,410,Wall
20,410,Wall
30,410,Wall
40,410,Wall
50,410,Wall
60,410,Wall
70,410,Wall
80,410,Wall
90,410,Wall
100,410,Route
110,410,Route
120,410,Route
130,410,Route
140,410,Route
150,410,Route
160,410,Route
170,410,Route
180,410,Route
190,410,Route
200,410,Route
210,410,Route
220,410,Route
230,410,Route
240,410,Route
250,410,Route
260,410,Wall
270,410,Route
280,410,Route
290,410,Route
300,410,Wall
310,410,Wall
320,410,Route
330,410,Route
340,410,Route
350,410,Route
360,410,Route
370,410,Wall
380,410,Wall
390,410,Wall
400,410,Wall
410,410,Wall
420,410,Wall
430,410,Wall
440,410,Wall
450,410,Wall
460,410,Wall
470,410,Wall
480,410,Wall
490,410,Wall
500,410,Wall
510,410,Wall
520,410,Wall
530,410,Wall
540,410,Wall
550,410,Wall
560,410,Wall
570,410,Wall
580,410,Wall
590,410,Wall
600,410,Wall
610,410,Wall
620,410,Wall
630,410,Wall
640,410,Wall
650,410,Wall
660,410,Route
670,410,Route
680,410,Wall
690,410,Wall
700,410,Wall
710,410,Wall
720,410,Route
730,410,Route
740,410,Route
750,410,Route
760,410,Route
770,410,Route
780,410,Route
790,410,Route
800,410,Route
810,410,Route
820,410,Route
830,410,Route
840,410,Route
850,410,Route
860,410,Route
870,410,Route
880,410,Route
890,410,Route
900,410,Route
910,410,Route
920,410,Route
930,410,Wall
940,410,Wall
950,410,Wall
960,410,Route
970,410,Route
980,410,Wall
990,410,Wall
1000,410,Wall
1010,410,Wall
1020,410,Wall
1030,410,Wall
1040,410,Wall
1050,410,Wall
1060,410,Wall
1070,410,Wall
1080,410,Wall
1090,410,Wall
1100,410,Wall
1110,410,Route
1120,410,Route
1130,410,Route
1140,410,Route
1150,410,Wall
1160,410,Wall
1170,410,Wall
1180,410,Wall
1190,410,Wall
1200,410,Wall
1210,410,Route
1220,410,Wall
1230,410,Wall
1240,410,Wall
1250,410,Wall
1260,410,Wall
1270,410,Wall
1280,410,Wall
1290,410,Wall
1300,410,Wall
1310,410,Wall
1320,410,Wall
1330,410,Wall
1340,410,Wall
1350,410,Route
1360,410,Wall
1370,410,Wall
1380,410,Wall
1390,410,Wall
1400,410,Wall
1410,410,Wall
1420,410,Wall
1430,410,Wall
1440,410,Wall
1450,410,Wall
1460,410,Wall
1470,410,Wall
1480,410,Wall
1490,410,Wall
1500,410,Wall
1510,410,Wall
1520,410,Wall
1530,410,Wall
1540,410,Wall
1550,410,Wall
1560,410,Wall
1570,410,Wall
1580,410,Wall
1590,410,Wall
0,420,Wall
10,420,Wall
20,420,Wall
30,420,Wall
40,420,Wall
50,420,Wall
60,420,Wall
70,420,Wall
80,420,Wall
90,420,Wall
100,420,Route
110,420,Route
120,420,Route
130,420,Wall
140,420,Wall
150,420,Wall
160,420,Wall
170,420,Wall
180,420,Wall
190,420,Wall
200,420,Wall
210,420,Wall
220,420,Wall
230,420,Wall
240,420,Wall
250,420,Wall
260,420,Wall
270,420,Route
280,420,Route
290,420,Route
300,420,Wall
310,420,Wall
320,420,Route
330,420,Route
340,420,Route
350,420,Route
360,420,Wall
370,420,Wall
380,420,Wall
390,420,Wall
400,420,Wall
410,420,Wall
420,420,Wall
430,420,Wall
440,420,Wall
450,420,Wall
460,420,Wall
470,420,Wall
480,420,Wall
490,420,Wall
500,420,Wall
510,420,Wall
520,420,Wall
530,420,Wall
540,420,Wall
550,420,Wall
560,420,Wall
570,420,Wall
580,420,Wall
590,420,Wall
600,420,Wall
610,420,Wall
620,420,Wall
630,420,Wall
640,420,Wall
650,420,Wall
660,420,Route
670,420,Route
680,420,Wall
690,420,Wall
700,420,Wall
710,420,Wall
720,420,Route
730,420,Route
740,420,Route
750,420,Route
760,420,Route
770,420,Route
780,420,Route
790,420,Route
800,420,Route
810,420,Route
820,420,Route
830,420,Route
840,420,Route
850,420,Route
860,420,Route
870,420,Route
880,420,Route
890,420,Route
900,420,Route
910,420,Route
920,420,Route
930,420,Wall
940,420,Wall
950,420,Wall
960,420,Route
970,420,Route
980,420,Wall
990,420,Wall
1000,420,Wall
1010,420,Wall
1020,420,Wall
1030,420,Wall
1040,420,Wall
1050,420,Wall
1060,420,Wall
1070,420,Wall
1080,420,Wall
1090,420,Wall
1100,420,Wall
1110,420,Route
1120,420,Route
1130,420,Route
1140,420,Route
1150,420,Wall
1160,420,Wall
1170,420,Wall
1180,420,Wall
1190,420,Wall
1200,420,Wall
1210,420,Route
1220,420,Wall
1230,420,Wall
1240,420,Wall
1250,420,Wall
1260,420,Wall
1270,420,Wall
1280,420,Wall
1290,420,Wall
1300,420,Wall
1310,420,Wall
1320,420,Wall
1330,420,Wall
1340,420,Wall
1350,420,Battle
1360,420,Wall
1370,420,Wall
1380,420,Wall
1390,420,Wall
1400,420,Wall
1410,420,Wall
1420,420,Wall
1430,420,Wall
1440,420,Wall
1450,420,Wall
1460,420,Wall
1470,420,Wall
1480,420,Wall
1490,420,Wall
1500,420,Wall
1510,420,Wall
1520,420,Wall
1530,420,Wall
1540,420,Wall
1550,420,Wall
1560,420,Wall
1570,420,Wall
1580,420,Wall
1590,420,Wall
0,430,Wall
10,430,Wall
20,430,Wall
30,430,Wall
40,430,Wall
50,430,Wall
60,430,Wall
70,430,Wall
80,430,Wall
90,430,Wall
100,430,Route
110,430,Route
120,430,Route
130,430,Wall
140,430,Wall
150,430,Wall
160,430,Wall
170,430,Wall
180,430,Wall
190,430,Wall
200,430,Wall
210,430,Wall
220,430,Wall
230,430,Wall
240,430,Wall
250,430,Wall
260,430,Wall
270,430,Route
280,430,Route
290,430,Route
300,430,Wall
310,430,Wall
320,430,Route
330,430,Route
340,430,Wall
350,430,Wall
360,430,Wall
370,430,Wall
380,430,Wall
390,430,Wall
400,430,Wall
410,430,Wall
420,430,Wall
430,430,Wall
440,430,Wall
450,430,Wall
460,430,Wall
470,430,Wall
480,430,Wall
490,430,Wall
500,430,Wall
510,430,Wall
520,430,Wall
530,430,Wall
540,430,Wall
550,430,Wall
560,430,Wall
570,430,Wall
580,430,Wall
590,430,Wall
600,430,Wall
610,430,Wall
620,430,Wall
630,430,Wall
640,430,Wall
650,430,Wall
660,430,Route
670,430,Route
680,430,Wall
690,430,Wall
700,430,Wall
710,430,Wall
720,430,Route
730,430,Route
740,430,Route
750,430,Route
760,430,Route
770,430,Route
780,430,Route
790,430,Route
800,430,Route
810,430,Route
820,430,Route
830,430,Route
840,430,Route
850,430,Route
860,430,Route
870,430,Route
880,430,Route
890,430,Route
900,430,Route
910,430,Route
920,430,Route
930,430,Wall
940,430,Wall
950,430,Wall
960,430,Route
970,430,Route
980,430,Wall
990,430,Wall
1000,430,Wall
1010,430,Wall
1020,430,Wall
1030,430,Wall
1040,430,Wall
1050,430,Wall
1060,430,Wall
1070,430,Wall
1080,430,Wall
1090,430,Wall
1100,430,Wall
1110,430,Route
1120,430,Route
1130,430,Route
1140,430,Route
1150,430,Wall
1160,430,Wall
1170,430,Wall
1180,430,Wall
1190,430,Wall
1200,430,Wall
1210,430,Wall
1220,430,Wall
1230,430,Route
1240,430,Route
1250,430,Route
1260,430,Route
1270,430,Wall
1280,430,Wall
1290,430,Wall
1300,430,Wall
1310,430,Wall
1320,430,Wall
1330,430,Wall
1340,430,Wall
1350,430,Route
1360,430,Wall
1370,430,Wall
1380,430,Wall
1390,430,Wall
1400,430,Wall
1410,430,Wall
1420,430,Wall
1430,430,Wall
1440,430,Wall
1450,430,Wall
1460,430,Wall
1470,430,Wall
1480,430,Wall
1490,430,Wall
1500,430,Wall
1510,430,Wall
1520,430,Wall
1530,430,Wall
1540,430,Wall
1550,430,Wall
1560,430,Wall
1570,430,Wall
1580,430,Wall
1590,430,Wall
0,440,Wall
10,440,Wall
20,440,Wall
30,440,Wall
40,440,Wall
50,440,Wall
60,440,Wall
70,440,Wall
80,440,Route
90,440,Route
100,440,Route
110,440,Route
120,440,Route
130,440,Route
140,440,Route
150,440,Route
160,440,Route
170,440,Route
180,440,Route
190,440,Route
200,440,Route
210,440,Route
220,440,Route
230,440,Route
240,440,Route
250,440,Route
260,440,Route
270,440,Route
280,440,Route
290,440,Route
300,440,Wall
310,440,Route
320,440,Route
330,440,Route
340,440,Wall
350,440,Wall
360,440,Wall
370,440,Wall
380,440,Wall
390,440,Wall
400,440,Wall
410,440,Wall
420,440,Wall
430,440,Wall
440,440,Wall
450,440,Wall
460,440,Wall
470,440,Wall
480,440,Wall
490,440,Wall
500,440,Wall
510,440,Wall
520,440,Wall
530,440,Wall
540,440,Wall
550,440,Wall
560,440,Wall
570,440,Wall
580,440,Wall
590,440,Wall
600,440,Wall
610,440,Wall
620,440,Wall
630,440,Wall
640,440,Wall
650,440,Wall
660,440,Route
670,440,Route
680,440,Wall
690,440,Wall
700,440,Wall
710,440,Wall
720,440,Route
730,440,Route
740,440,Route
750,440,Route
760,440,Route
770,440,Route
780,440,Route
790,440,Route
800,440,Route
810,440,Route
820,440,Route
830,440,Route
840,440,Route
850,440,Route
860,440,Route
870,440,Route
880,440,Route
890,440,Route
900,440,Route
910,440,Route
920,440,Route
930,440,Route
940,440,Route
950,440,Route
960,440,Route
970,440,Route
980,440,Route
990,440,Route
1000,440,Route
1010,440,Route
1020,440,Route
1030,440,Route
1040,440,Route
1050,440,Route
1060,440,Route
1070,440,Route
1080,440,Route
1090,440,Route
1100,440,Route
1110,440,Route
1120,440,Route
1130,440,Route
1140,440,Route
1150,440,Route
1160,440,Route
1170,440,Route
1180,440,Route
1190,440,Route
1200,440,Route
1210,440,Route
1220,440,Route
1230,440,Route
1240,440,Route
1250,440,Route
1260,440,Route
1270,440,Wall
1280,440,Wall
1290,440,Wall
1300,440,Wall
1310,440,Wall
1320,440,Wall
1330,440,Route
1340,440,Route
1350,440,Route
1360,440,Route
1370,440,Route
1380,440,Route
1390,440,Wall
1400,440,Wall
1410,440,Wall
1420,440,Wall
1430,440,Wall
1440,440,Wall
1450,440,Wall
1460,440,Wall
1470,440,Wall
1480,440,Wall
1490,440,Wall
1500,440,Wall
1510,440,Wall
1520,440,Wall
1530,440,Wall
1540,440,Wall
1550,440,Wall
1560,440,Wall
1570,440,Wall
1580,440,Wall
1590,440,Wall
0,450,Wall
10,450,Wall
20,450,Wall
30,450,Wall
40,450,Wall
50,450,Wall
60,450,Wall
70,450,Wall
80,450,Route
90,450,Route
100,450,Route
110,450,Route
120,450,Route
130,450,Wall
140,450,Wall
150,450,Route
160,450,Route
170,450,Route
180,450,Route
190,450,Route
200,450,Route
210,450,Route
220,450,Route
230,450,Route
240,450,Route
250,450,Route
260,450,Route
270,450,Route
280,450,Route
290,450,Route
300,450,Route
310,450,Route
320,450,Route
330,450,Route
340,450,Route
350,450,Route
360,450,Wall
370,450,Wall
380,450,Treasure
390,450,Route
400,450,Route
410,450,Route
420,450,Route
430,450,Route
440,450,Route
450,450,Route
460,450,Route
470,450,Route
480,450,Route
490,450,Route
500,450,Route
510,450,Route
520,450,Route
530,450,Route
540,450,Route
550,450,Route
560,450,Route
570,450,Route
580,450,Route
590,450,Route
600,450,Route
610,450,Route
620,450,Route
630,450,Route
640,450,Route
650,450,Route
660,450,Route
670,450,Route
680,450,Route
690,450,Route
700,450,Route
710,450,Route
720,450,Route
730,450,Route
740,450,Route
750,450,Route
760,450,Route
770,450,Route
780,450,Route
790,450,Route
800,450,Route
810,450,Route
820,450,Route
830,450,Route
840,450,Route
850,450,Route
860,450,Route
870,450,Route
880,450,Route
890,450,Route
900,450,Route
910,450,Route
920,450,Route
930,450,Route
940,450,Route
950,450,Route
960,450,Route
970,450,Route
980,450,Route
990,450,Route
1000,450,Route
1010,450,Route
1020,450,Route
1030,450,Route
1040,450,Route
1050,450,Route
1060,450,Route
1070,450,Route
1080,450,Route
1090,450,Route
1100,450,Route
1110,450,Route
1120,450,Route
1130,450,Route
1140,450,Route
1150,450,Route
1160,450,Route
1170,450,Route
1180,450,Route
1190,450,Route
1200,450,Route
1210,450,Route
1220,450,Route
1230,450,Route
1240,450,Route
1250,450,Route
1260,450,Route
1270,450,Wall
1280,450,Wall
1290,450,Wall
1300,450,Wall
1310,450,Wall
1320,450,Wall
1330,450,Route
1340,450,Route
1350,450,Route
1360,450,Route
1370,450,Route
1380,450,Route
1390,450,Wall
1400,450,Wall
1410,450,Wall
1420,450,Wall
1430,450,Wall
1440,450,Wall
1450,450,Wall
1460,450,Wall
1470,450,Wall
1480,450,Wall
1490,450,Wall
1500,450,Wall
1510,450,Wall
1520,450,Wall
1530,450,Wall
1540,450,Wall
1550,450,Wall
1560,450,Wall
1570,450,Wall
1580,450,Wall
1590,450,Wall
0,460,Wall
10,460,Wall
20,460,Wall
30,460,Wall
40,460,Wall
50,460,Wall
60,460,Start
70,460,Route
80,460,Route
90,460,Route
100,460,Route
110,460,Route
120,460,Route
130,460,Wall
140,460,Wall
150,460,Route
160,460,Route
170,460,Route
180,460,Route
190,460,Route
200,460,Route
210,460,Route
220,460,Route
230,460,Route
240,460,Route
250,460,Route
260,460,Route
270,460,Route
280,460,Route
290,460,Route
300,460,Route
310,460,Route
320,460,Route
330,460,Route
340,460,Route
350,460,Route
360,460,Wall
370,460,Wall
380,460,Route
390,460,Route
400,460,Route
410,460,Route
420,460,Route
430,460,Route
440,460,Route
450,460,Route
460,460,Route
470,460,Route
480,460,Route
490,460,Route
500,460,Route
510,460,Route
520,460,Route
530,460,Route
540,460,Route
550,460,Route
560,460,Route
570,460,Route
580,460,Route
590,460,Route
600,460,Route
610,460,Route
620,460,Route
630,460,Route
640,460,Route
650,460,Route
660,460,Route
670,460,Route
680,460,Route
690,460,Route
700,460,Route
710,460,Route
720,460,Route
730,460,Route
740,460,Route
750,460,Route
760,460,Route
770,460,Route
780,460,Route
790,460,Route
800,460,Route
810,460,Route
820,460,Route
830,460,Route
840,460,Battle
850,460,Route
860,460,Route
870,460,Route
880,460,Route
890,460,Route
900,460,Route
910,460,Route
920,460,Route
930,460,Route
940,460,Route
950,460,Route
960,460,Route
970,460,Route
980,460,Route
990,460,Route
1000,460,Route
1010,460,Route
1020,460,Route
1030,460,Route
1040,460,Route
1050,460,Route
1060,460,Route
1070,460,Route
1080,460,Route
1090,460,Route
1100,460,Route
1110,460,Route
1120,460,Route
1130,460,Battle
1140,460,Route
1150,460,Route
1160,460,Route
1170,460,Route
1180,460,Route
1190,460,Route
1200,460,Route
1210,460,Route
1220,460,Route
1230,460,Route
1240,460,Route
1250,460,Route
1260,460,Route
1270,460,Wall
1280,460,Wall
1290,460,Wall
1300,460,Wall
1310,460,Wall
1320,460,Wall
1330,460,Route
1340,460,Route
1350,460,Route
1360,460,Route
1370,460,Route
1380,460,Route
1390,460,Wall
1400,460,Wall
1410,460,Wall
1420,460,Wall
1430,460,Wall
1440,460,Wall
1450,460,Wall
1460,460,Wall
1470,460,Wall
1480,460,Wall
1490,460,Wall
1500,460,Wall
1510,460,Wall
1520,460,Wall
1530,460,Wall
1540,460,Wall
1550,460,Wall
1560,460,Wall
1570,460,Wall
1580,460,Wall
1590,460,Wall
0,470,Wall
10,470,Wall
20,470,Wall
30,470,Wall
40,470,Wall
50,470,Wall
60,470,Route
70,470,Route
80,470,Route
90,470,Route
100,470,Route
110,470,Route
120,470,Route
130,470,Wall
140,470,Wall
150,470,Route
160,470,Route
170,470,Route
180,470,Route
190,470,Route
200,470,Route
210,470,Route
220,470,Route
230,470,Route
240,470,Route
250,470,Route
260,470,Route
270,470,Route
280,470,Route
290,470,Route
300,470,Route
310,470,Route
320,470,Route
330,470,Route
340,470,Route
350,470,Route
360,470,Wall
370,470,Wall
380,470,Route
390,470,Route
400,470,Route
410,470,Route
420,470,Route
430,470,Route
440,470,Route
450,470,Route
460,470,Route
470,470,Route
480,470,Route
490,470,Route
500,470,Route
510,470,Route
520,470,Route
530,470,Battle
540,470,Route
550,470,Route
560,470,Route
570,470,Route
580,470,Route
590,470,Route
600,470,Route
610,470,Route
620,470,Route
630,470,Route
640,470,Route
650,470,Route
660,470,Route
670,470,Route
680,470,Route
690,470,Route
700,470,Route
710,470,Route
720,470,Route
730,470,Route
740,470,Route
750,470,Route
760,470,Route
770,470,Route
780,470,Route
790,470,Battle
800,470,Route
810,470,Route
820,470,Route
830,470,Route
840,470,Route
850,470,Route
860,470,Route
870,470,Route
880,470,Route
890,470,Route
900,470,Route
910,470,Route
920,470,Route
930,470,Route
940,470,Route
950,470,Route
960,470,Route
970,470,Route
980,470,Route
990,470,Route
1000,470,Route
1010,470,Route
1020,470,Route
1030,470,Route
1040,470,Route
1050,470,Route
1060,470,Route
1070,470,Route
1080,470,Route
1090,470,Route
1100,470,Route
1110,470,Route
1120,470,Route
1130,470,Route
1140,470,Route
1150,470,Route
1160,470,Route
1170,470,Route
1180,470,Route
1190,470,Route
1200,470,Route
1210,470,Route
1220,470,Route
1230,470,Route
1240,470,Route
1250,470,Route
1260,470,Route
1270,470,Wall
1280,470,Wall
1290,470,Wall
1300,470,Wall
1310,470,Wall
1320,470,Wall
1330,470,Route
1340,470,Route
1350,470,Route
1360,470,Route
1370,470,Route
1380,470,Route
1390,470,Wall
1400,470,Wall
1410,470,Wall
1420,470,Wall
1430,470,Wall
1440,470,Wall
1450,470,Wall
1460,470,Wall
1470,470,Wall
1480,470,Wall
1490,470,Wall
1500,470,Wall
1510,470,Wall
1520,470,Wall
1530,470,Wall
1540,470,Wall
1550,470,Wall
1560,470,Wall
1570,470,Wall
1580,470,Wall
1590,470,Wall
0,480,Wall
10,480,Wall
20,480,Wall
30,480,Wall
40,480,Wall
50,480,Wall
60,480,Wall
70,480,Wall
80,480,Route
90,480,Route
100,480,Route
110,480,Route
120,480,Route
130,480,Wall
140,480,Wall
150,480,Route
160,480,Route
170,480,Route
180,480,Route
190,480,Route
200,480,Route
210,480,Route
220,480,Route
230,480,Route
240,480,Route
250,480,Route
260,480,Route
270,480,Route
280,480,Route
290,480,Route
300,480,Route
310,480,Route
320,480,Route
330,480,Route
340,480,Route
350,480,Route
360,480,Wall
370,480,Wall
380,480,Route
390,480,Route
400,480,Route
410,480,Route
420,480,Route
430,480,Route
440,480,Route
450,480,Route
460,480,Route
470,480,Route
480,480,Route
490,480,Route
500,480,Route
510,480,Route
520,480,Route
530,480,Route
540,480,Route
550,480,Route
560,480,Route
570,480,Route
580,480,Route
590,480,Route
600,480,Route
610,480,Route
620,480,Route
630,480,Route
640,480,Route
650,480,Route
660,480,Route
670,480,Route
680,480,Route
690,480,Route
700,480,Route
710,480,Route
720,480,Route
730,480,Route
740,480,Route
750,480,Route
760,480,Route
770,480,Route
780,480,Route
790,480,Route
800,480,Route
810,480,Route
820,480,Route
830,480,Route
840,480,Route
850,480,Route
860,480,Route
870,480,Route
880,480,Route
890,480,Route
900,480,Route
910,480,Route
920,480,Route
930,480,Route
940,480,Route
950,480,Route
960,480,Route
970,480,Route
980,480,Route
990,480,Route
1000,480,Route
1010,480,Route
1020,480,Route
1030,480,Route
1040,480,Route
1050,480,Route
1060,480,Route
1070,480,Route
1080,480,Route
1090,480,Route
1100,480,Route
1110,480,Route
1120,480,Route
1130,480,Route
1140,480,Route
1150,480,Route
1160,480,Route
1170,480,Route
1180,480,Route
1190,480,Route
1200,480,Route
1210,480,Route
1220,480,Route
1230,480,Route
1240,480,Route
1250,480,Route
1260,480,Route
1270,480,Wall
1280,480,Wall
1290,480,Wall
1300,480,Wall
1310,480,Wall
1320,480,Wall
1330,480,Route
1340,480,Route
1350,480,Treasure
1360,480,Route
1370,480,Route
1380,480,Route
1390,480,Wall
1400,480,Wall
1410,480,Wall
1420,480,Wall
1430,480,Wall
1440,480,Wall
1450,480,Wall
1460,480,Wall
1470,480,Wall
1480,480,Wall
1490,480,Wall
1500,480,Wall
1510,480,Wall
1520,480,Wall
1530,480,Wall
1540,480,Wall
1550,480,Wall
1560,480,Wall
1570,480,Wall
1580,480,Wall
1590,480,Wall
0,490,Wall
10,490,Wall
20,490,Wall
30,490,Wall
40,490,Wall
50,490,Wall
60,490,Wall
70,490,Wall
80,490,Route
90,490,Route
100,490,Route
110,490,Route
120,490,Route
130,490,Wall
140,490,Wall
150,490,Route
160,490,Route
170,490,Route
180,490,Route
190,490,Route
200,490,Route
210,490,Route
220,490,Route
230,490,Route
240,490,Route
250,490,Route
260,490,Route
270,490,Route
280,490,Route
290,490,Route
300,490,Wall
310,490,Route
320,490,Route
330,490,Route
340,490,Wall
350,490,Wall
360,490,Wall
370,490,Wall
380,490,Wall
390,490,Wall
400,490,Wall
410,490,Wall
420,490,Wall
430,490,Wall
440,490,Wall
450,490,Wall
460,490,Wall
470,490,Wall
480,490,Wall
490,490,Wall
500,490,Wall
510,490,Route
520,490,Route
530,490,Route
540,490,Route
550,490,Wall
560,490,Wall
570,490,Wall
580,490,Wall
590,490,Wall
600,490,Wall
610,490,Wall
620,490,Wall
630,490,Wall
640,490,Wall
650,490,Wall
660,490,Wall
670,490,Wall
680,490,Wall
690,490,Wall
700,490,Wall
710,490,Route
720,490,Route
730,490,Route
740,490,Route
750,490,Route
760,490,Route
770,490,Route
780,490,Route
790,490,Route
800,490,Route
810,490,Route
820,490,Route
830,490,Route
840,490,Route
850,490,Route
860,490,Route
870,490,Route
880,490,Route
890,490,Route
900,490,Route
910,490,Route
920,490,Route
930,490,Wall
940,490,Wall
950,490,Wall
960,490,Route
970,490,Route
980,490,Wall
990,490,Wall
1000,490,Wall
1010,490,Wall
1020,490,Wall
1030,490,Wall
1040,490,Wall
1050,490,Wall
1060,490,Wall
1070,490,Wall
1080,490,Wall
1090,490,Wall
1100,490,Wall
1110,490,Route
1120,490,Route
1130,490,Route
1140,490,Route
1150,490,Wall
1160,490,Wall
1170,490,Wall
1180,490,Wall
1190,490,Wall
1200,490,Wall
1210,490,Wall
1220,490,Wall
1230,490,Wall
1240,490,Wall
1250,490,Wall
1260,490,Wall
1270,490,Wall
1280,490,Wall
1290,490,Wall
1300,490,Wall
1310,490,Wall
1320,490,Wall
1330,490,Route
1340,490,Route
1350,490,Route
1360,490,Route
1370,490,Route
1380,490,Route
1390,490,Wall
1400,490,Wall
1410,490,Wall
1420,490,Wall
1430,490,Wall
1440,490,Wall
1450,490,Wall
1460,490,Wall
1470,490,Wall
1480,490,Wall
1490,490,Wall
1500,490,Wall
1510,490,Wall
1520,490,Wall
1530,490,Wall
1540,490,Wall
1550,490,Wall
1560,490,Wall
1570,490,Wall
1580,490,Wall
1590,490,Wall
0,500,Wall
10,500,Wall
20,500,Wall
30,500,Wall
40,500,Wall
50,500,Wall
60,500,Wall
70,500,Wall
80,500,Wall
90,500,Wall
100,500,Route
110,500,Route
120,500,Route
130,500,Wall
140,500,Wall
150,500,Route
160,500,Route
170,500,Route
180,500,Route
190,500,Route
200,500,Route
210,500,Route
220,500,Route
230,500,Route
240,500,Route
250,500,Route
260,500,Route
270,500,Route
280,500,Route
290,500,Route
300,500,Wall
310,500,Wall
320,500,Route
330,500,Route
340,500,Wall
350,500,Wall
360,500,Wall
370,500,Wall
380,500,Wall
390,500,Wall
400,500,Wall
410,500,Wall
420,500,Wall
430,500,Wall
440,500,Wall
450,500,Wall
460,500,Wall
470,500,Wall
480,500,Wall
490,500,Wall
500,500,Wall
510,500,Route
520,500,Route
530,500,Route
540,500,Route
550,500,Wall
560,500,Wall
570,500,Wall
580,500,Wall
590,500,Wall
600,500,Wall
610,500,Wall
620,500,Wall
630,500,Wall
640,500,Wall
650,500,Wall
660,500,Wall
670,500,Wall
680,500,Wall
690,500,Wall
700,500,Wall
710,500,Route
720,500,Route
730,500,Route
740,500,Route
750,500,Route
760,500,Route
770,500,Route
780,500,Route
790,500,Route
800,500,Route
810,500,Route
820,500,Route
830,500,Route
840,500,Route
850,500,Route
860,500,Route
870,500,Route
880,500,Route
890,500,Route
900,500,Route
910,500,Route
920,500,Route
930,500,Wall
940,500,Wall
950,500,Wall
960,500,Route
970,500,Route
980,500,Wall
990,500,Wall
1000,500,Wall
1010,500,Wall
1020,500,Wall
1030,500,Wall
1040,500,Wall
1050,500,Wall
1060,500,Wall
1070,500,Wall
1080,500,Wall
1090,500,Wall
1100,500,Wall
1110,500,Route
1120,500,Route
1130,500,Route
1140,500,Route
1150,500,Wall
1160,500,Wall
1170,500,Wall
1180,500,Wall
1190,500,Wall
1200,500,Wall
1210,500,Wall
1220,500,Wall
1230,500,Wall
1240,500,Wall
1250,500,Wall
1260,500,Wall
1270,500,Wall
1280,500,Wall
1290,500,Wall
1300,500,Wall
1310,500,Wall
1320,500,Wall
1330,500,Route
1340,500,Route
1350,500,Route
1360,500,Route
1370,500,Route
1380,500,Route
1390,500,Wall
1400,500,Wall
1410,500,Wall
1420,500,Wall
1430,500,Wall
1440,500,Wall
1450,500,Wall
1460,500,Wall
1470,500,Wall
1480,500,Wall
1490,500,Wall
1500,500,Wall
1510,500,Wall
1520,500,Wall
1530,500,Wall
1540,500,Wall
1550,500,Wall
1560,500,Wall
1570,500,Wall
1580,500,Wall
1590,500,Wall
0,510,Wall
10,510,Wall
20,510,Wall
30,510,Wall
40,510,Wall
50,510,Wall
60,510,Wall
70,510,Wall
80,510,Wall
90,510,Wall
100,510,Route
110,510,Route
120,510,Route
130,510,Wall
140,510,Wall
150,510,Route
160,510,Route
170,510,Route
180,510,Route
190,510,Route
200,510,Route
210,510,Route
220,510,Route
230,510,Route
240,510,Route
250,510,Route
260,510,Route
270,510,Route
280,510,Route
290,510,Route
300,510,Wall
310,510,Wall
320,510,Route
330,510,Route
340,510,Wall
350,510,Wall
360,510,Wall
370,510,Wall
380,510,Wall
390,510,Wall
400,510,Wall
410,510,Wall
420,510,Wall
430,510,Wall
440,510,Wall
450,510,Wall
460,510,Wall
470,510,Wall
480,510,Wall
490,510,Wall
500,510,Wall
510,510,Route
520,510,Route
530,510,Route
540,510,Route
550,510,Wall
560,510,Wall
570,510,Wall
580,510,Wall
590,510,Wall
600,510,Wall
610,510,Wall
620,510,Wall
630,510,Wall
640,510,Wall
650,510,Wall
660,510,Wall
670,510,Wall
680,510,Wall
690,510,Wall
700,510,Wall
710,510,Route
720,510,Route
730,510,Route
740,510,Route
750,510,Route
760,510,Route
770,510,Route
780,510,Route
790,510,Route
800,510,Route
810,510,Route
820,510,Route
830,510,Route
840,510,Route
850,510,Route
860,510,Route
870,510,Route
880,510,Route
890,510,Route
900,510,Route
910,510,Route
920,510,Route
930,510,Wall
940,510,Wall
950,510,Wall
960,510,Route
970,510,Route
980,510,Wall
990,510,Wall
1000,510,Wall
1010,510,Wall
1020,510,Wall
1030,510,Wall
1040,510,Wall
1050,510,Wall
1060,510,Wall
1070,510,Wall
1080,510,Wall
1090,510,Wall
1100,510,Wall
1110,510,Route
1120,510,Route
1130,510,Route
1140,510,Route
1150,510,Wall
1160,510,Wall
1170,510,Wall
1180,510,Wall
1190,510,Wall
1200,510,Wall
1210,510,Wall
1220,510,Wall
1230,510,Wall
1240,510,Wall
1250,510,Wall
1260,510,Wall
1270,510,Wall
1280,510,Wall
1290,510,Wall
1300,510,Wall
1310,510,Wall
1320,510,Wall
1330,510,Wall
1340,510,Wall
1350,510,Wall
1360,510,Wall
1370,510,Wall
1380,510,Wall
1390,510,Wall
1400,510,Wall
1410,510,Wall
1420,510,Wall
1430,510,Wall
1440,510,Wall
1450,510,Wall
1460,510,Wall
1470,510,Wall
1480,510,Wall
1490,510,Wall
1500,510,Wall
1510,510,Wall
1520,510,Wall
1530,510,Wall
1540,510,Wall
1550,510,Wall
1560,510,Wall
1570,510,Wall
1580,510,Wall
1590,510,Wall
0,520,Wall
10,520,Wall
20,520,Wall
30,520,Wall
40,520,Wall
50,520,Wall
60,520,Wall
70,520,Wall
80,520,Wall
90,520,Wall
100,520,Route
110,520,Route
120,520,Route
130,520,Wall
140,520,Wall
150,520,Route
160,520,Route
170,520,Route
180,520,Route
190,520,Route
200,520,Route
210,520,Route
220,520,Route
230,520,Route
240,520,Route
250,520,Route
260,520,Route
270,520,Route
280,520,Route
290,520,Route
300,520,Wall
310,520,Wall
320,520,Route
330,520,Route
340,520,Wall
350,520,Wall
360,520,Wall
370,520,Wall
380,520,Wall
390,520,Wall
400,520,Wall
410,520,Wall
420,520,Wall
430,520,Wall
440,520,Wall
450,520,Wall
460,520,Wall
470,520,Wall
480,520,Wall
490,520,Wall
500,520,Wall
510,520,Route
520,520,Route
530,520,Route
540,520,Route
550,520,Wall
560,520,Wall
570,520,Wall
580,520,Wall
590,520,Wall
600,520,Wall
610,520,Wall
620,520,Wall
630,520,Wall
640,520,Wall
650,520,Wall
660,520,Wall
670,520,Wall
680,520,Wall
690,520,Wall
700,520,Wall
710,520,Route
720,520,Route
730,520,Route
740,520,Route
750,520,Route
760,520,Route
770,520,Route
780,520,Route
790,520,Route
800,520,Route
810,520,Route
820,520,Route
830,520,Route
840,520,Route
850,520,Route
860,520,Route
870,520,Route
880,520,Route
890,520,Route
900,520,Route
910,520,Route
920,520,Route
930,520,Wall
940,520,Wall
950,520,Wall
960,520,Wall
970,520,Wall
980,520,Wall
990,520,Wall
1000,520,Wall
1010,520,Wall
1020,520,Wall
1030,520,Wall
1040,520,Wall
1050,520,Wall
1060,520,Wall
1070,520,Wall
1080,520,Wall
1090,520,Wall
1100,520,Wall
1110,520,Route
1120,520,Route
1130,520,Route
1140,520,Route
1150,520,Wall
1160,520,Wall
1170,520,Wall
1180,520,Wall
1190,520,Wall
1200,520,Wall
1210,520,Wall
1220,520,Wall
1230,520,Wall
1240,520,Wall
1250,520,Wall
1260,520,Wall
1270,520,Wall
1280,520,Wall
1290,520,Wall
1300,520,Wall
1310,520,Wall
1320,520,Wall
1330,520,Wall
1340,520,Wall
1350,520,Wall
1360,520,Wall
1370,520,Wall
1380,520,Wall
1390,520,Wall
1400,520,Wall
1410,520,Wall
1420,520,Wall
1430,520,Wall
1440,520,Wall
1450,520,Wall
1460,520,Wall
1470,520,Wall
1480,520,Wall
1490,520,Wall
1500,520,Wall
1510,520,Wall
1520,520,Wall
1530,520,Wall
1540,520,Wall
1550,520,Wall
1560,520,Wall
1570,520,Wall
1580,520,Wall
1590,520,Wall
0,530,Wall
10,530,Wall
20,530,Wall
30,530,Wall
40,530,Wall
50,530,Wall
60,530,Wall
70,530,Wall
80,530,Wall
90,530,Wall
100,530,Route
110,530,Route
120,530,Route
130,530,Route
140,530,Route
150,530,Route
160,530,Route
170,530,Route
180,530,Route
190,530,Route
200,530,Route
210,530,Route
220,530,Route
230,530,Route
240,530,Route
250,530,Route
260,530,Route
270,530,Route
280,530,Route
290,530,Route
300,530,Wall
310,530,Wall
320,530,Route
330,530,Route
340,530,Wall
350,530,Wall
360,530,Wall
370,530,Wall
380,530,Wall
390,530,Wall
400,530,Wall
410,530,Wall
420,530,Wall
430,530,Wall
440,530,Wall
450,530,Wall
460,530,Wall
470,530,Wall
480,530,Wall
490,530,Wall
500,530,Wall
510,530,Route
520,530,Route
530,530,Route
540,530,Route
550,530,Wall
560,530,Wall
570,530,Wall
580,530,Wall
590,530,Wall
600,530,Wall
610,530,Wall
620,530,Wall
630,530,Wall
640,530,Wall
650,530,Wall
660,530,Wall
670,530,Wall
680,530,Wall
690,530,Wall
700,530,Wall
710,530,Route
720,530,Route
730,530,Route
740,530,Route
750,530,Route
760,530,Route
770,530,Route
780,530,Route
790,530,Route
800,530,Route
810,530,Route
820,530,Route
830,530,Route
840,530,Route
850,530,Route
860,530,Route
870,530,Route
880,530,Route
890,530,Route
900,530,Route
910,530,Route
920,530,Route
930,530,Wall
940,530,Wall
950,530,Wall
960,530,Wall
970,530,Wall
980,530,Wall
990,530,Wall
1000,530,Wall
1010,530,Wall
1020,530,Wall
1030,530,Wall
1040,530,Wall
1050,530,Wall
1060,530,Wall
1070,530,Wall
1080,530,Wall
1090,530,Wall
1100,530,Wall
1110,530,Route
1120,530,Route
1130,530,Route
1140,530,Route
1150,530,Wall
1160,530,Wall
1170,530,Wall
1180,530,Wall
1190,530,Wall
1200,530,Wall
1210,530,Wall
1220,530,Wall
1230,530,Wall
1240,530,Wall
1250,530,Wall
1260,530,Wall
1270,530,Wall
1280,530,Wall
1290,530,Wall
1300,530,Wall
1310,530,Wall
1320,530,Wall
1330,530,Wall
1340,530,Wall
1350,530,Wall
1360,530,Wall
1370,530,Wall
1380,530,Wall
1390,530,Wall
1400,530,Wall
1410,530,Wall
1420,530,Wall
1430,530,Wall
1440,530,Wall
1450,530,Wall
1460,530,Wall
1470,530,Wall
1480,530,Wall
1490,530,Wall
1500,530,Wall
1510,530,Wall
1520,530,Wall
1530,530,Wall
1540,530,Wall
1550,530,Wall
1560,530,Wall
1570,530,Wall
1580,530,Wall
1590,530,Wall
0,540,Wall
10,540,Wall
20,540,Wall
30,540,Wall
40,540,Wall
50,540,Wall
60,540,Wall
70,540,Wall
80,540,Wall
90,540,Wall
100,540,Route
110,540,Route
120,540,Route
130,540,Wall
140,540,Wall
150,540,Route
160,540,Route
170,540,Route
180,540,Route
190,540,Route
200,540,Route
210,540,Route
220,540,Route
230,540,Route
240,540,Route
250,540,Route
260,540,Route
270,540,Route
280,540,Route
290,540,Route
300,540,Wall
310,540,Wall
320,540,Route
330,540,Treasure
340,540,Wall
350,540,Wall
360,540,Wall
370,540,Wall
380,540,Wall
390,540,Wall
400,540,Wall
410,540,Wall
420,540,Wall
430,540,Wall
440,540,Wall
450,540,Wall
460,540,Wall
470,540,Wall
480,540,Wall
490,540,Wall
500,540,Wall
510,540,Route
520,540,Route
530,540,Route
540,540,Route
550,540,Wall
560,540,Wall
570,540,Wall
580,540,Wall
590,540,Wall
600,540,Wall
610,540,Wall
620,540,Wall
630,540,Wall
640,540,Wall
650,540,Wall
660,540,Wall
670,540,Wall
680,540,Wall
690,540,Wall
700,540,Wall
710,540,Route
720,540,Route
730,540,Route
740,540,Route
750,540,Route
760,540,Route
770,540,Route
780,540,Route
790,540,Route
800,540,Route
810,540,Route
820,540,Route
830,540,Route
840,540,Route
850,540,Route
860,540,Route
870,540,Route
880,540,Route
890,540,Route
900,540,Route
910,540,Route
920,540,Route
930,540,Wall
940,540,Wall
950,540,Wall
960,540,Wall
970,540,Wall
980,540,Wall
990,540,Wall
1000,540,Wall
1010,540,Wall
1020,540,Wall
1030,540,Wall
1040,540,Wall
1050,540,Wall
1060,540,Wall
1070,540,Wall
1080,540,Wall
1090,540,Wall
1100,540,Wall
1110,540,Route
1120,540,Route
1130,540,Route
1140,540,Route
1150,540,Wall
1160,540,Wall
1170,540,Wall
1180,540,Wall
1190,540,Wall
1200,540,Wall
1210,540,Wall
1220,540,Wall
1230,540,Wall
1240,540,Wall
1250,540,Wall
1260,540,Wall
1270,540,Wall
1280,540,Wall
1290,540,Wall
1300,540,Wall
1310,540,Wall
1320,540,Wall
1330,540,Wall
1340,540,Wall
1350,540,Wall
1360,540,Wall
1370,540,Wall
1380,540,Wall
1390,540,Wall
1400,540,Wall
1410,540,Wall
1420,540,Wall
1430,540,Wall
1440,540,Wall
1450,540,Wall
1460,540,Wall
1470,540,Wall
1480,540,Wall
1490,540,Wall
1500,540,Wall
1510,540,Wall
1520,540,Wall
1530,540,Wall
1540,540,Wall
1550,540,Wall
1560,540,Wall
1570,540,Wall
1580,540,Wall
1590,540,Wall
0,550,Wall
10,550,Wall
20,550,Wall
30,550,Wall
40,550,Wall
50,550,Wall
60,550,Wall
70,550,Wall
80,550,Wall
90,550,Wall
100,550,Wall
110,550,Wall
120,550,Wall
130,550,Wall
140,550,Wall
150,550,Route
160,550,Route
170,550,Route
180,550,Route
190,550,Route
200,550,Route
210,550,Route
220,550,Route
230,550,Route
240,550,Route
250,550,Route
260,550,Route
270,550,Route
280,550,Route
290,550,Route
300,550,Wall
310,550,Wall
320,550,Wall
330,550,Wall
340,550,Wall
350,550,Wall
360,550,Wall
370,550,Wall
380,550,Wall
390,550,Wall
400,550,Wall
410,550,Wall
420,550,Wall
430,550,Wall
440,550,Wall
450,550,Wall
460,550,Wall
470,550,Wall
480,550,Wall
490,550,Wall
500,550,Wall
510,550,Route
520,550,Route
530,550,Route
540,550,Route
550,550,Wall
560,550,Wall
570,550,Wall
580,550,Wall
590,550,Wall
600,550,Wall
610,550,Wall
620,550,Wall
630,550,Wall
640,550,Wall
650,550,Wall
660,550,Wall
670,550,Wall
680,550,Wall
690,550,Wall
700,550,Wall
710,550,Route
720,550,Route
730,550,Route
740,550,Route
750,550,Route
760,550,Route
770,550,Route
780,550,Route
790,550,Route
800,550,Route
810,550,Route
820,550,Route
830,550,Route
840,550,Route
850,550,Route
860,550,Route
870,550,Route
880,550,Route
890,550,Route
900,550,Route
910,550,Route
920,550,Route
930,550,Wall
940,550,Wall
950,550,Wall
960,550,Wall
970,550,Wall
980,550,Wall
990,550,Wall
1000,550,Wall
1010,550,Wall
1020,550,Wall
1030,550,Wall
1040,550,Wall
1050,550,Wall
1060,550,Wall
1070,550,Wall
1080,550,Wall
1090,550,Wall
1100,550,Wall
1110,550,Route
1120,550,Route
1130,550,Route
1140,550,Route
1150,550,Wall
1160,550,Wall
1170,550,Wall
1180,550,Wall
1190,550,Wall
1200,550,Wall
1210,550,Wall
1220,550,Wall
1230,550,Wall
1240,550,Wall
1250,550,Wall
1260,550,Wall
1270,550,Wall
1280,550,Wall
1290,550,Wall
1300,550,Wall
1310,550,Wall
1320,550,Wall
1330,550,Wall
1340,550,Wall
1350,550,Wall
1360,550,Wall
1370,550,Wall
1380,550,Wall
1390,550,Wall
1400,550,Wall
1410,550,Wall
1420,550,Wall
1430,550,Wall
1440,550,Wall
1450,550,Wall
1460,550,Wall
1470,550,Wall
1480,550,Wall
1490,550,Wall
1500,550,Wall
1510,550,Wall
1520,550,Wall
1530,550,Wall
1540,550,Wall
1550,550,Wall
1560,550,Wall
1570,550,Wall
1580,550,Wall
1590,550,Wall
0,560,Wall
10,560,Wall
20,560,Wall
30,560,Wall
40,560,Wall
50,560,Wall
60,560,Wall
70,560,Wall
80,560,Wall
90,560,Wall
100,560,Wall
110,560,Wall
120,560,Wall
130,560,Wall
140,560,Wall
150,560,Route
160,560,Route
170,560,Route
180,560,Route
190,560,Route
200,560,Route
210,560,Route
220,560,Route
230,560,Route
240,560,Route
250,560,Route
260,560,Route
270,560,Route
280,560,Route
290,560,Route
300,560,Wall
310,560,Wall
320,560,Wall
330,560,Wall
340,560,Wall
350,560,Wall
360,560,Wall
370,560,Wall
380,560,Wall
390,560,Wall
400,560,Wall
410,560,Wall
420,560,Wall
430,560,Wall
440,560,Wall
450,560,Wall
460,560,Wall
470,560,Wall
480,560,Wall
490,560,Wall
500,560,Wall
510,560,Route
520,560,Route
530,560,Route
540,560,Route
550,560,Wall
560,560,Wall
570,560,Wall
580,560,Wall
590,560,Wall
600,560,Wall
610,560,Wall
620,560,Wall
630,560,Wall
640,560,Wall
650,560,Wall
660,560,Wall
670,560,Wall
680,560,Wall
690,560,Wall
700,560,Wall
710,560,Wall
720,560,Wall
730,560,Wall
740,560,Wall
750,560,Wall
760,560,Wall
770,560,Wall
780,560,Wall
790,560,Wall
800,560,Wall
810,560,Route
820,560,Route
830,560,Wall
840,560,Wall
850,560,Wall
860,560,Wall
870,560,Wall
880,560,Wall
890,560,Wall
900,560,Wall
910,560,Wall
920,560,Wall
930,560,Wall
940,560,Wall
950,560,Wall
960,560,Wall
970,560,Wall
980,560,Wall
990,560,Wall
1000,560,Wall
1010,560,Wall
1020,560,Wall
1030,560,Wall
1040,560,Wall
1050,560,Wall
1060,560,Wall
1070,560,Wall
1080,560,Wall
1090,560,Wall
1100,560,Wall
1110,560,Route
1120,560,Route
1130,560,Route
1140,560,Route
1150,560,Wall
1160,560,Wall
1170,560,Wall
1180,560,Wall
1190,560,Wall
1200,560,Wall
1210,560,Wall
1220,560,Wall
1230,560,Wall
1240,560,Wall
1250,560,Wall
1260,560,Wall
1270,560,Wall
1280,560,Wall
1290,560,Wall
1300,560,Wall
1310,560,Wall
1320,560,Wall
1330,560,Wall
1340,560,Wall
1350,560,Wall
1360,560,Wall
1370,560,Wall
1380,560,Wall
1390,560,Wall
1400,560,Wall
1410,560,Wall
1420,560,Wall
1430,560,Wall
1440,560,Wall
1450,560,Wall
1460,560,Wall
1470,560,Wall
1480,560,Wall
1490,560,Wall
1500,560,Wall
1510,560,Wall
1520,560,Wall
1530,560,Wall
1540,560,Wall
1550,560,Wall
1560,560,Wall
1570,560,Wall
1580,560,Wall
1590,560,Wall
0,570,Wall
10,570,Wall
20,570,Wall
30,570,Wall
40,570,Wall
50,570,Wall
60,570,Wall
70,570,Wall
80,570,Wall
90,570,Wall
100,570,Wall
110,570,Wall
120,570,Wall
130,570,Wall
140,570,Wall
150,570,Route
160,570,Route
170,570,Route
180,570,Route
190,570,Route
200,570,Route
210,570,Route
220,570,Route
230,570,Route
240,570,Route
250,570,Route
260,570,Route
270,570,Route
280,570,Route
290,570,Route
300,570,Wall
310,570,Wall
320,570,Wall
330,570,Wall
340,570,Wall
350,570,Wall
360,570,Wall
370,570,Wall
380,570,Wall
390,570,Wall
400,570,Wall
410,570,Wall
420,570,Wall
430,570,Wall
440,570,Wall
450,570,Wall
460,570,Wall
470,570,Wall
480,570,Wall
490,570,Wall
500,570,Wall
510,570,Route
520,570,Route
530,570,Route
540,570,Route
550,570,Wall
560,570,Wall
570,570,Wall
580,570,Wall
590,570,Wall
600,570,Wall
610,570,Wall
620,570,Wall
630,570,Wall
640,570,Wall
650,570,Wall
660,570,Wall
670,570,Wall
680,570,Wall
690,570,Wall
700,570,Wall
710,570,Wall
720,570,Wall
730,570,Wall
740,570,Wall
750,570,Wall
760,570,Wall
770,570,Wall
780,570,Wall
790,570,Wall
800,570,Route
810,570,Route
820,570,Route
830,570,Route
840,570,Wall
850,570,Wall
860,570,Wall
870,570,Wall
880,570,Wall
890,570,Wall
900,570,Wall
910,570,Wall
920,570,Wall
930,570,Wall
940,570,Wall
950,570,Wall
960,570,Wall
970,570,Wall
980,570,Wall
990,570,Wall
1000,570,Wall
1010,570,Wall
1020,570,Wall
1030,570,Wall
1040,570,Wall
1050,570,Wall
1060,570,Wall
1070,570,Wall
1080,570,Wall
1090,570,Wall
1100,570,Wall
1110,570,Route
1120,570,Route
1130,570,Route
1140,570,Route
1150,570,Wall
1160,570,Wall
1170,570,Wall
1180,570,Wall
1190,570,Wall
1200,570,Wall
1210,570,Wall
1220,570,Wall
1230,570,Wall
1240,570,Wall
1250,570,Wall
1260,570,Wall
1270,570,Wall
1280,570,Wall
1290,570,Wall
1300,570,Wall
1310,570,Wall
1320,570,Wall
1330,570,Wall
1340,570,Wall
1350,570,Wall
1360,570,Wall
1370,570,Wall
1380,570,Wall
1390,570,Wall
1400,570,Wall
1410,570,Wall
1420,570,Wall
1430,570,Wall
1440,570,Wall
1450,570,Wall
1460,570,Wall
1470,570,Wall
1480,570,Wall
1490,570,Wall
1500,570,Wall
1510,570,Wall
1520,570,Wall
1530,570,Wall
1540,570,Wall
1550,570,Wall
1560,570,Wall
1570,570,Wall
1580,570,Wall
1590,570,Wall
0,580,Wall
10,580,Wall
20,580,Wall
30,580,Wall
40,580,Wall
50,580,Wall
60,580,Wall
70,580,Wall
80,580,Wall
90,580,Wall
100,580,Wall
110,580,Wall
120,580,Wall
130,580,Wall
140,580,Wall
150,580,Route
160,580,Route
170,580,Route
180,580,Route
190,580,Route
200,580,Route
210,580,Route
220,580,Route
230,580,Route
240,580,Route
250,580,Route
260,580,Route
270,580,Route
280,580,Route
290,580,Route
300,580,Wall
310,580,Wall
320,580,Wall
330,580,Wall
340,580,Wall
350,580,Wall
360,580,Wall
370,580,Wall
380,580,Wall
390,580,Wall
400,580,Wall
410,580,Wall
420,580,Wall
430,580,Wall
440,580,Wall
450,580,Wall
460,580,Wall
470,580,Wall
480,580,Wall
490,580,Wall
500,580,Wall
510,580,Route
520,580,Route
530,580,Route
540,580,Wall
550,580,Wall
560,580,Wall
570,580,Wall
580,580,Wall
590,580,Wall
600,580,Wall
610,580,Wall
620,580,Wall
630,580,Wall
640,580,Wall
650,580,Wall
660,580,Wall
670,580,Wall
680,580,Wall
690,580,Wall
700,580,Wall
710,580,Wall
720,580,Wall
730,580,Wall
740,580,Wall
750,580,Wall
760,580,Wall
770,580,Wall
780,580,Wall
790,580,Wall
800,580,Route
810,580,Route
820,580,Route
830,580,Route
840,580,Wall
850,580,Wall
860,580,Wall
870,580,Wall
880,580,Wall
890,580,Wall
900,580,Wall
910,580,Wall
920,580,Wall
930,580,Wall
940,580,Wall
950,580,Wall
960,580,Wall
970,580,Wall
980,580,Wall
990,580,Wall
1000,580,Wall
1010,580,Wall
1020,580,Wall
1030,580,Wall
1040,580,Wall
1050,580,Wall
1060,580,Wall
1070,580,Wall
1080,580,Wall
1090,580,Wall
1100,580,Wall
1110,580,Route
1120,580,Route
1130,580,Route
1140,580,Route
1150,580,Wall
1160,580,Wall
1170,580,Wall
1180,580,Wall
1190,580,Wall
1200,580,Wall
1210,580,Wall
1220,580,Wall
1230,580,Wall
1240,580,Wall
1250,580,Wall
1260,580,Wall
1270,580,Wall
1280,580,Wall
1290,580,Wall
1300,580,Wall
1310,580,Wall
1320,580,Wall
1330,580,Wall
1340,580,Wall
1350,580,Wall
1360,580,Wall
1370,580,Wall
1380,580,Wall
1390,580,Wall
1400,580,Wall
1410,580,Wall
1420,580,Wall
1430,580,Wall
1440,580,Wall
1450,580,Wall
1460,580,Wall
1470,580,Wall
1480,580,Wall
1490,580,Wall
1500,580,Wall
1510,580,Wall
1520,580,Wall
1530,580,Wall
1540,580,Wall
1550,580,Wall
1560,580,Wall
1570,580,Wall
1580,580,Wall
1590,580,Wall
0,590,Wall
10,590,Wall
20,590,Wall
30,590,Wall
40,590,Wall
50,590,Wall
60,590,Wall
70,590,Wall
80,590,Wall
90,590,Wall
100,590,Wall
110,590,Wall
120,590,Wall
130,590,Wall
140,590,Wall
150,590,Wall
160,590,Wall
170,590,Wall
180,590,Wall
190,590,Wall
200,590,Wall
210,590,Wall
220,590,Wall
230,590,Wall
240,590,Wall
250,590,Wall
260,590,Wall
270,590,Wall
280,590,Wall
290,590,Wall
300,590,Wall
310,590,Wall
320,590,Wall
330,590,Wall
340,590,Wall
350,590,Wall
360,590,Wall
370,590,Wall
380,590,Wall
390,590,Wall
400,590,Wall
410,590,Wall
420,590,Wall
430,590,Wall
440,590,Wall
450,590,Wall
460,590,Wall
470,590,Wall
480,590,Wall
490,590,Route
500,590,Route
510,590,Route
520,590,Route
530,590,Route
540,590,Route
550,590,Route
560,590,Wall
570,590,Wall
580,590,Wall
590,590,Wall
600,590,Wall
610,590,Wall
620,590,Wall
630,590,Wall
640,590,Wall
650,590,Wall
660,590,Wall
670,590,Wall
680,590,Wall
690,590,Wall
700,590,Wall
710,590,Wall
720,590,Wall
730,590,Wall
740,590,Wall
750,590,Wall
760,590,Wall
770,590,Wall
780,590,Wall
790,590,Wall
800,590,Route
810,590,Route
820,590,Route
830,590,Route
840,590,Wall
850,590,Wall
860,590,Wall
870,590,Wall
880,590,Wall
890,590,Wall
900,590,Wall
910,590,Wall
920,590,Wall
930,590,Wall
940,590,Wall
950,590,Wall
960,590,Wall
970,590,Wall
980,590,Wall
990,590,Wall
1000,590,Wall
1010,590,Wall
1020,590,Wall
1030,590,Wall
1040,590,Wall
1050,590,Wall
1060,590,Wall
1070,590,Wall
1080,590,Wall
1090,590,Wall
1100,590,Wall
1110,590,Route
1120,590,Route
1130,590,Route
1140,590,Route
1150,590,Wall
1160,590,Wall
1170,590,Wall
1180,590,Wall
1190,590,Wall
1200,590,Wall
1210,590,Wall
1220,590,Wall
1230,590,Wall
1240,590,Wall
1250,590,Wall
1260,590,Wall
1270,590,Wall
1280,590,Wall
1290,590,Wall
1300,590,Wall
1310,590,Wall
1320,590,Wall
1330,590,Wall
1340,590,Wall
1350,590,Wall
1360,590,Wall
1370,590,Wall
1380,590,Wall
1390,590,Wall
1400,590,Wall
1410,590,Wall
1420,590,Wall
1430,590,Wall
1440,590,Wall
1450,590,Wall
1460,590,Wall
1470,590,Wall
1480,590,Wall
1490,590,Wall
1500,590,Wall
1510,590,Wall
1520,590,Wall
1530,590,Wall
1540,590,Wall
1550,590,Wall
1560,590,Wall
1570,590,Wall
1580,590,Wall
1590,590,Wall
0,600,Wall
10,600,Wall
20,600,Wall
30,600,Wall
40,600,Wall
50,600,Wall
60,600,Wall
70,600,Wall
80,600,Wall
90,600,Wall
100,600,Wall
110,600,Wall
120,600,Wall
130,600,Wall
140,600,Wall
150,600,Wall
160,600,Wall
170,600,Wall
180,600,Wall
190,600,Wall
200,600,Wall
210,600,Wall
220,600,Wall
230,600,Wall
240,600,Wall
250,600,Wall
260,600,Wall
270,600,Wall
280,600,Wall
290,600,Wall
300,600,Wall
310,600,Wall
320,600,Wall
330,600,Wall
340,600,Wall
350,600,Wall
360,600,Wall
370,600,Wall
380,600,Wall
390,600,Wall
400,600,Wall
410,600,Wall
420,600,Wall
430,600,Wall
440,600,Wall
450,600,Wall
460,600,Wall
470,600,Wall
480,600,Wall
490,600,Route
500,600,Route
510,600,Route
520,600,Route
530,600,Route
540,600,Route
550,600,Route
560,600,Wall
570,600,Wall
580,600,Route
590,600,Route
600,600,Route
610,600,Route
620,600,Route
630,600,Route
640,600,Route
650,600,Route
660,600,Route
670,600,Route
680,600,Route
690,600,Route
700,600,Route
710,600,Route
720,600,Route
730,600,Route
740,600,Route
750,600,Route
760,600,Route
770,600,Wall
780,600,Wall
790,600,Wall
800,600,Route
810,600,Route
820,600,Route
830,600,Route
840,600,Wall
850,600,Wall
860,600,Wall
870,600,Wall
880,600,Wall
890,600,Wall
900,600,Wall
910,600,Wall
920,600,Wall
930,600,Wall
940,600,Wall
950,600,Wall
960,600,Wall
970,600,Wall
980,600,Wall
990,600,Wall
1000,600,Wall
1010,600,Wall
1020,600,Wall
1030,600,Wall
1040,600,Wall
1050,600,Wall
1060,600,Wall
1070,600,Wall
1080,600,Wall
1090,600,Wall
1100,600,Wall
1110,600,Route
1120,600,Route
1130,600,Route
1140,600,Route
1150,600,Wall
1160,600,Wall
1170,600,Wall
1180,600,Wall
1190,600,Wall
1200,600,Wall
1210,600,Wall
1220,600,Wall
1230,600,Wall
1240,600,Wall
1250,600,Wall
1260,600,Wall
1270,600,Wall
1280,600,Wall
1290,600,Wall
1300,600,Wall
1310,600,Wall
1320,600,Wall
1330,600,Wall
1340,600,Wall
1350,600,Wall
1360,600,Wall
1370,600,Wall
1380,600,Wall
1390,600,Wall
1400,600,Wall
1410,600,Wall
1420,600,Wall
1430,600,Wall
1440,600,Wall
1450,600,Wall
1460,600,Wall
1470,600,Wall
1480,600,Wall
1490,600,Wall
1500,600,Wall
1510,600,Wall
1520,600,Wall
1530,600,Wall
1540,600,Wall
1550,600,Wall
1560,600,Wall
1570,600,Wall
1580,600,Wall
1590,600,Wall
0,610,Wall
10,610,Wall
20,610,Wall
30,610,Wall
40,610,Wall
50,610,Wall
60,610,Wall
70,610,Wall
80,610,Wall
90,610,Wall
100,610,Wall
110,610,Wall
120,610,Wall
130,610,Wall
140,610,Wall
150,610,Wall
160,610,Wall
170,610,Wall
180,610,Wall
190,610,Wall
200,610,Wall
210,610,Wall
220,610,Wall
230,610,Wall
240,610,Wall
250,610,Wall
260,610,Wall
270,610,Wall
280,610,Wall
290,610,Wall
300,610,Wall
310,610,Wall
320,610,Wall
330,610,Wall
340,610,Wall
350,610,Wall
360,610,Wall
370,610,Wall
380,610,Wall
390,610,Wall
400,610,Wall
410,610,Wall
420,610,Wall
430,610,Wall
440,610,Wall
450,610,Wall
460,610,Wall
470,610,Wall
480,610,Wall
490,610,Route
500,610,Route
510,610,Route
520,610,Route
530,610,Route
540,610,Route
550,610,Route
560,610,Wall
570,610,Wall
580,610,Route
590,610,Route
600,610,Route
610,610,Route
620,610,Route
630,610,Route
640,610,Route
650,610,Route
660,610,Route
670,610,Route
680,610,Route
690,610,Route
700,610,Route
710,610,Route
720,610,Route
730,610,Route
740,610,Route
750,610,Route
760,610,Route
770,610,Wall
780,610,Wall
790,610,Wall
800,610,Route
810,610,Route
820,610,Route
830,610,Route
840,610,Wall
850,610,Wall
860,610,Wall
870,610,Wall
880,610,Wall
890,610,Wall
900,610,Wall
910,610,Wall
920,610,Wall
930,610,Wall
940,610,Wall
950,610,Wall
960,610,Wall
970,610,Wall
980,610,Wall
990,610,Wall
1000,610,Wall
1010,610,Wall
1020,610,Wall
1030,610,Wall
1040,610,Wall
1050,610,Wall
1060,610,Wall
1070,610,Wall
1080,610,Wall
1090,610,Wall
1100,610,Wall
1110,610,Route
1120,610,Route
1130,610,Route
1140,610,Route
1150,610,Wall
1160,610,Wall
1170,610,Wall
1180,610,Wall
1190,610,Wall
1200,610,Wall
1210,610,Wall
1220,610,Wall
1230,610,Wall
1240,610,Wall
1250,610,Wall
1260,610,Wall
1270,610,Wall
1280,610,Wall
1290,610,Wall
1300,610,Wall
1310,610,Wall
1320,610,Wall
1330,610,Wall
1340,610,Wall
1350,610,Wall
1360,610,Wall
1370,610,Wall
1380,610,Wall
1390,610,Wall
1400,610,Wall
1410,610,Wall
1420,610,Wall
1430,610,Wall
1440,610,Wall
1450,610,Wall
1460,610,Wall
1470,610,Wall
1480,610,Wall
1490,610,Wall
1500,610,Wall
1510,610,Wall
1520,610,Wall
1530,610,Wall
1540,610,Wall
1550,610,Wall
1560,610,Wall
1570,610,Wall
1580,610,Wall
1590,610,Wall
0,620,Wall
10,620,Wall
20,620,Wall
30,620,Wall
40,620,Wall
50,620,Wall
60,620,Wall
70,620,Wall
80,620,Wall
90,620,Wall
100,620,Wall
110,620,Wall
120,620,Wall
130,620,Wall
140,620,Wall
150,620,Wall
160,620,Wall
170,620,Wall
180,620,Wall
190,620,Wall
200,620,Wall
210,620,Wall
220,620,Wall
230,620,Wall
240,620,Wall
250,620,Wall
260,620,Wall
270,620,Wall
280,620,Wall
290,620,Wall
300,620,Wall
310,620,Wall
320,620,Wall
330,620,Wall
340,620,Wall
350,620,Wall
360,620,Wall
370,620,Wall
380,620,Wall
390,620,Wall
400,620,Wall
410,620,Wall
420,620,Wall
430,620,Wall
440,620,Wall
450,620,Wall
460,620,Wall
470,620,Wall
480,620,Wall
490,620,Route
500,620,Route
510,620,Route
520,620,Route
530,620,Route
540,620,Route
550,620,Route
560,620,Wall
570,620,Wall
580,620,Route
590,620,Route
600,620,Route
610,620,Route
620,620,Route
630,620,Route
640,620,Route
650,620,Route
660,620,Route
670,620,Route
680,620,Route
690,620,Route
700,620,Route
710,620,Route
720,620,Route
730,620,Route
740,620,Route
750,620,Route
760,620,Route
770,620,Wall
780,620,Wall
790,620,Wall
800,620,Wall
810,620,Route
820,620,Route
830,620,Wall
840,620,Wall
850,620,Wall
860,620,Wall
870,620,Wall
880,620,Wall
890,620,Wall
900,620,Wall
910,620,Wall
920,620,Wall
930,620,Wall
940,620,Wall
950,620,Wall
960,620,Wall
970,620,Wall
980,620,Wall
990,620,Wall
1000,620,Wall
1010,620,Wall
1020,620,Wall
1030,620,Wall
1040,620,Wall
1050,620,Wall
1060,620,Wall
1070,620,Wall
1080,620,Wall
1090,620,Wall
1100,620,Wall
1110,620,Route
1120,620,Route
1130,620,Route
1140,620,Route
1150,620,Wall
1160,620,Wall
1170,620,Wall
1180,620,Wall
1190,620,Wall
1200,620,Wall
1210,620,Wall
1220,620,Wall
1230,620,Wall
1240,620,Wall
1250,620,Wall
1260,620,Wall
1270,620,Wall
1280,620,Wall
1290,620,Wall
1300,620,Wall
1310,620,Wall
1320,620,Wall
1330,620,Wall
1340,620,Wall
1350,620,Wall
1360,620,Wall
1370,620,Wall
1380,620,Wall
1390,620,Wall
1400,620,Wall
1410,620,Wall
1420,620,Wall
1430,620,Wall
1440,620,Wall
1450,620,Wall
1460,620,Wall
1470,620,Wall
1480,620,Wall
1490,620,Wall
1500,620,Wall
1510,620,Wall
1520,620,Wall
1530,620,Wall
1540,620,Wall
1550,620,Wall
1560,620,Wall
1570,620,Wall
1580,620,Wall
1590,620,Wall
0,630,Wall
10,630,Wall
20,630,Wall
30,630,Wall
40,630,Wall
50,630,Wall
60,630,Wall
70,630,Wall
80,630,Wall
90,630,Wall
100,630,Wall
110,630,Wall
120,630,Wall
130,630,Wall
140,630,Wall
150,630,Wall
160,630,Wall
170,630,Wall
180,630,Wall
190,630,Wall
200,630,Wall
210,630,Wall
220,630,Wall
230,630,Wall
240,630,Wall
250,630,Wall
260,630,Wall
270,630,Wall
280,630,Wall
290,630,Wall
300,630,Wall
310,630,Wall
320,630,Wall
330,630,Wall
340,630,Wall
350,630,Wall
360,630,Wall
370,630,Wall
380,630,Wall
390,630,Wall
400,630,Wall
410,630,Wall
420,630,Wall
430,630,Wall
440,630,Wall
450,630,Wall
460,630,Wall
470,630,Route
480,630,Route
490,630,Route
500,630,Route
510,630,Route
520,630,Route
530,630,Route
540,630,Route
550,630,Route
560,630,Wall
570,630,Wall
580,630,Route
590,630,Route
600,630,Route
610,630,Route
620,630,Route
630,630,Route
640,630,Route
650,630,Route
660,630,Route
670,630,Route
680,630,Route
690,630,Route
700,630,Route
710,630,Route
720,630,Route
730,630,Route
740,630,Route
750,630,Route
760,630,Route
770,630,Wall
780,630,Wall
790,630,Wall
800,630,Route
810,630,Route
820,630,Route
830,630,Route
840,630,Wall
850,630,Wall
860,630,Wall
870,630,Wall
880,630,Wall
890,630,Wall
900,630,Wall
910,630,Wall
920,630,Wall
930,630,Wall
940,630,Wall
950,630,Wall
960,630,Wall
970,630,Wall
980,630,Wall
990,630,Wall
1000,630,Wall
1010,630,Wall
1020,630,Wall
1030,630,Wall
1040,630,Wall
1050,630,Wall
1060,630,Wall
1070,630,Wall
1080,630,Wall
1090,630,Wall
1100,630,Wall
1110,630,Route
1120,630,Route
1130,630,Route
1140,630,Route
1150,630,Wall
1160,630,Wall
1170,630,Wall
1180,630,Wall
1190,630,Wall
1200,630,Wall
1210,630,Wall
1220,630,Wall
1230,630,Wall
1240,630,Wall
1250,630,Wall
1260,630,Wall
1270,630,Wall
1280,630,Wall
1290,630,Wall
1300,630,Wall
1310,630,Wall
1320,630,Wall
1330,630,Wall
1340,630,Wall
1350,630,Wall
1360,630,Wall
1370,630,Wall
1380,630,Wall
1390,630,Wall
1400,630,Wall
1410,630,Wall
1420,630,Wall
1430,630,Wall
1440,630,Wall
1450,630,Wall
1460,630,Wall
1470,630,Wall
1480,630,Wall
1490,630,Wall
1500,630,Wall
1510,630,Wall
1520,630,Wall
1530,630,Wall
1540,630,Wall
1550,630,Wall
1560,630,Wall
1570,630,Wall
1580,630,Wall
1590,630,Wall
0,640,Wall
10,640,Wall
20,640,Wall
30,640,Wall
40,640,Wall
50,640,Wall
60,640,Wall
70,640,Wall
80,640,Wall
90,640,Wall
100,640,Wall
110,640,Wall
120,640,Wall
130,640,Wall
140,640,Wall
150,640,Wall
160,640,Wall
170,640,Wall
180,640,Wall
190,640,Wall
200,640,Wall
210,640,Wall
220,640,Wall
230,640,Wall
240,640,Wall
250,640,Wall
260,640,Wall
270,640,Wall
280,640,Wall
290,640,Wall
300,640,Wall
310,640,Wall
320,640,Wall
330,640,Wall
340,640,Wall
350,640,Wall
360,640,Wall
370,640,Wall
380,640,Wall
390,640,Wall
400,640,Wall
410,640,Wall
420,640,Wall
430,640,Wall
440,640,Wall
450,640,Wall
460,640,Wall
470,640,Route
480,640,Route
490,640,Route
500,640,Route
510,640,Route
520,640,Route
530,640,Route
540,640,Route
550,640,Route
560,640,Wall
570,640,Wall
580,640,Route
590,640,Route
600,640,Route
610,640,Route
620,640,Route
630,640,Route
640,640,Route
650,640,Route
660,640,Route
670,640,Route
680,640,Route
690,640,Route
700,640,Route
710,640,Route
720,640,Route
730,640,Route
740,640,Route
750,640,Route
760,640,Route
770,640,Wall
780,640,Wall
790,640,Wall
800,640,Route
810,640,Route
820,640,Route
830,640,Route
840,640,Wall
850,640,Wall
860,640,Wall
870,640,Wall
880,640,Wall
890,640,Wall
900,640,Wall
910,640,Wall
920,640,Wall
930,640,Wall
940,640,Wall
950,640,Wall
960,640,Wall
970,640,Wall
980,640,Wall
990,640,Wall
1000,640,Wall
1010,640,Wall
1020,640,Wall
1030,640,Wall
1040,640,Wall
1050,640,Wall
1060,640,Wall
1070,640,Wall
1080,640,Wall
1090,640,Wall
1100,640,Wall
1110,640,Route
1120,640,Route
1130,640,Route
1140,640,Route
1150,640,Wall
1160,640,Wall
1170,640,Wall
1180,640,Wall
1190,640,Wall
1200,640,Wall
1210,640,Wall
1220,640,Wall
1230,640,Wall
1240,640,Wall
1250,640,Wall
1260,640,Wall
1270,640,Wall
1280,640,Wall
1290,640,Wall
1300,640,Wall
1310,640,Wall
1320,640,Wall
1330,640,Wall
1340,640,Wall
1350,640,Wall
1360,640,Wall
1370,640,Wall
1380,640,Wall
1390,640,Wall
1400,640,Wall
1410,640,Wall
1420,640,Wall
1430,640,Wall
1440,640,Wall
1450,640,Wall
1460,640,Wall
1470,640,Wall
1480,640,Wall
1490,640,Wall
1500,640,Wall
1510,640,Wall
1520,640,Wall
1530,640,Wall
1540,640,Wall
1550,640,Wall
1560,640,Wall
1570,640,Wall
1580,640,Wall
1590,640,Wall
0,650,Wall
10,650,Wall
20,650,Wall
30,650,Wall
40,650,Wall
50,650,Wall
60,650,Wall
70,650,Wall
80,650,Wall
90,650,Wall
100,650,Wall
110,650,Wall
120,650,Wall
130,650,Wall
140,650,Wall
150,650,Wall
160,650,Wall
170,650,Wall
180,650,Wall
190,650,Wall
200,650,Wall
210,650,Wall
220,650,Wall
230,650,Wall
240,650,Wall
250,650,Wall
260,650,Wall
270,650,Wall
280,650,Wall
290,650,Wall
300,650,Wall
310,650,Wall
320,650,Wall
330,650,Wall
340,650,Wall
350,650,Wall
360,650,Wall
370,650,Wall
380,650,Wall
390,650,Wall
400,650,Wall
410,650,Wall
420,650,Wall
430,650,Wall
440,650,Wall
450,650,Wall
460,650,Wall
470,650,Route
480,650,Route
490,650,Route
500,650,Route
510,650,Route
520,650,Route
530,650,Route
540,650,Route
550,650,Route
560,650,Wall
570,650,Wall
580,650,Route
590,650,Route
600,650,Route
610,650,Route
620,650,Route
630,650,Route
640,650,Route
650,650,Route
660,650,Route
670,650,Route
680,650,Route
690,650,Route
700,650,Route
710,650,Route
720,650,Route
730,650,Route
740,650,Route
750,650,Route
760,650,Route
770,650,Wall
780,650,Wall
790,650,Wall
800,650,Route
810,650,Route
820,650,Route
830,650,Route
840,650,Wall
850,650,Wall
860,650,Wall
870,650,Wall
880,650,Wall
890,650,Wall
900,650,Wall
910,650,Wall
920,650,Wall
930,650,Wall
940,650,Wall
950,650,Wall
960,650,Wall
970,650,Wall
980,650,Wall
990,650,Wall
1000,650,Wall
1010,650,Wall
1020,650,Wall
1030,650,Wall
1040,650,Wall
1050,650,Wall
1060,650,Wall
1070,650,Wall
1080,650,Wall
1090,650,Wall
1100,650,Wall
1110,650,Route
1120,650,Route
1130,650,Route
1140,650,Route
1150,650,Wall
1160,650,Wall
1170,650,Wall
1180,650,Wall
1190,650,Wall
1200,650,Wall
1210,650,Wall
1220,650,Wall
1230,650,Wall
1240,650,Wall
1250,650,Wall
1260,650,Wall
1270,650,Wall
1280,650,Wall
1290,650,Wall
1300,650,Wall
1310,650,Wall
1320,650,Wall
1330,650,Wall
1340,650,Wall
1350,650,Wall
1360,650,Wall
1370,650,Wall
1380,650,Wall
1390,650,Wall
1400,650,Wall
1410,650,Wall
1420,650,Wall
1430,650,Wall
1440,650,Wall
1450,650,Wall
1460,650,Wall
1470,650,Wall
1480,650,Wall
1490,650,Wall
1500,650,Wall
1510,650,Wall
1520,650,Wall
1530,650,Wall
1540,650,Wall
1550,650,Wall
1560,650,Wall
1570,650,Wall
1580,650,Wall
1590,650,Wall
0,660,Wall
10,660,Wall
20,660,Wall
30,660,Wall
40,660,Wall
50,660,Wall
60,660,Wall
70,660,Wall
80,660,Wall
90,660,Wall
100,660,Wall
110,660,Wall
120,660,Wall
130,660,Wall
140,660,Wall
150,660,Wall
160,660,Wall
170,660,Wall
180,660,Wall
190,660,Wall
200,660,Wall
210,660,Wall
220,660,Wall
230,660,Wall
240,660,Wall
250,660,Wall
260,660,Wall
270,660,Wall
280,660,Wall
290,660,Wall
300,660,Wall
310,660,Wall
320,660,Wall
330,660,Wall
340,660,Wall
350,660,Wall
360,660,Wall
370,660,Wall
380,660,Wall
390,660,Wall
400,660,Wall
410,660,Wall
420,660,Wall
430,660,Wall
440,660,Wall
450,660,Wall
460,660,Wall
470,660,Route
480,660,Route
490,660,Route
500,660,Route
510,660,Route
520,660,Route
530,660,Route
540,660,Route
550,660,Route
560,660,Wall
570,660,Wall
580,660,Route
590,660,Route
600,660,Route
610,660,Route
620,660,Route
630,660,Route
640,660,Route
650,660,Route
660,660,Route
670,660,Route
680,660,Route
690,660,Route
700,660,Route
710,660,Route
720,660,Route
730,660,Route
740,660,Route
750,660,Route
760,660,Route
770,660,Wall
780,660,Wall
790,660,Wall
800,660,Route
810,660,Route
820,660,Route
830,660,Route
840,660,Wall
850,660,Wall
860,660,Wall
870,660,Wall
880,660,Wall
890,660,Wall
900,660,Wall
910,660,Wall
920,660,Wall
930,660,Wall
940,660,Wall
950,660,Wall
960,660,Wall
970,660,Wall
980,660,Wall
990,660,Wall
1000,660,Wall
1010,660,Wall
1020,660,Wall
1030,660,Wall
1040,660,Wall
1050,660,Wall
1060,660,Wall
1070,660,Wall
1080,660,Wall
1090,660,Wall
1100,660,Wall
1110,660,Route
1120,660,Route
1130,660,Route
1140,660,Route
1150,660,Wall
1160,660,Wall
1170,660,Wall
1180,660,Wall
1190,660,Wall
1200,660,Wall
1210,660,Wall
1220,660,Wall
1230,660,Wall
1240,660,Wall
1250,660,Wall
1260,660,Wall
1270,660,Wall
1280,660,Wall
1290,660,Wall
1300,660,Wall
1310,660,Wall
1320,660,Wall
1330,660,Wall
1340,660,Wall
1350,660,Wall
1360,660,Wall
1370,660,Wall
1380,660,Wall
1390,660,Wall
1400,660,Wall
1410,660,Wall
1420,660,Wall
1430,660,Wall
1440,660,Wall
1450,660,Wall
1460,660,Wall
1470,660,Wall
1480,660,Wall
1490,660,Wall
1500,660,Wall
1510,660,Wall
1520,660,Wall
1530,660,Wall
1540,660,Wall
1550,660,Wall
1560,660,Wall
1570,660,Wall
1580,660,Wall
1590,660,Wall
0,670,Wall
10,670,Wall
20,670,Wall
30,670,Wall
40,670,Wall
50,670,Wall
60,670,Wall
70,670,Wall
80,670,Wall
90,670,Wall
100,670,Wall
110,670,Wall
120,670,Wall
130,670,Wall
140,670,Wall
150,670,Wall
160,670,Wall
170,670,Wall
180,670,Wall
190,670,Wall
200,670,Wall
210,670,Wall
220,670,Wall
230,670,Wall
240,670,Wall
250,670,Wall
260,670,Wall
270,670,Wall
280,670,Wall
290,670,Wall
300,670,Wall
310,670,Wall
320,670,Wall
330,670,Wall
340,670,Wall
350,670,Wall
360,670,Wall
370,670,Wall
380,670,Wall
390,670,Wall
400,670,Wall
410,670,Wall
420,670,Wall
430,670,Wall
440,670,Wall
450,670,Wall
460,670,Wall
470,670,Wall
480,670,Wall
490,670,Route
500,670,Route
510,670,Route
520,670,Route
530,670,Route
540,670,Route
550,670,Route
560,670,Wall
570,670,Wall
580,670,Route
590,670,Route
600,670,Route
610,670,Route
620,670,Route
630,670,Route
640,670,Route
650,670,Route
660,670,Route
670,670,Route
680,670,Route
690,670,Route
700,670,Route
710,670,Route
720,670,Route
730,670,Route
740,670,Route
750,670,Route
760,670,Route
770,670,Wall
780,670,Wall
790,670,Wall
800,670,Route
810,670,Route
820,670,Route
830,670,Route
840,670,Wall
850,670,Wall
860,670,Wall
870,670,Wall
880,670,Wall
890,670,Wall
900,670,Wall
910,670,Wall
920,670,Wall
930,670,Wall
940,670,Wall
950,670,Wall
960,670,Wall
970,670,Wall
980,670,Wall
990,670,Wall
1000,670,Wall
1010,670,Wall
1020,670,Wall
1030,670,Wall
1040,670,Wall
1050,670,Wall
1060,670,Wall
1070,670,Wall
1080,670,Wall
1090,670,Wall
1100,670,Wall
1110,670,Route
1120,670,Route
1130,670,Route
1140,670,Route
1150,670,Wall
1160,670,Wall
1170,670,Wall
1180,670,Wall
1190,670,Wall
1200,670,Wall
1210,670,Wall
1220,670,Wall
1230,670,Wall
1240,670,Wall
1250,670,Wall
1260,670,Wall
1270,670,Wall
1280,670,Wall
1290,670,Wall
1300,670,Wall
1310,670,Wall
1320,670,Wall
1330,670,Wall
1340,670,Wall
1350,670,Wall
1360,670,Wall
1370,670,Wall
1380,670,Wall
1390,670,Wall
1400,670,Wall
1410,670,Wall
1420,670,Wall
1430,670,Wall
1440,670,Wall
1450,670,Wall
1460,670,Wall
1470,670,Wall
1480,670,Wall
1490,670,Wall
1500,670,Wall
1510,670,Wall
1520,670,Wall
1530,670,Wall
1540,670,Wall
1550,670,Wall
1560,670,Wall
1570,670,Wall
1580,670,Wall
1590,670,Wall
0,680,Wall
10,680,Wall
20,680,Wall
30,680,Wall
40,680,Wall
50,680,Wall
60,680,Wall
70,680,Wall
80,680,Wall
90,680,Wall
100,680,Wall
110,680,Wall
120,680,Wall
130,680,Wall
140,680,Wall
150,680,Wall
160,680,Wall
170,680,Wall
180,680,Wall
190,680,Wall
200,680,Wall
210,680,Wall
220,680,Wall
230,680,Wall
240,680,Wall
250,680,Wall
260,680,Wall
270,680,Wall
280,680,Wall
290,680,Wall
300,680,Wall
310,680,Wall
320,680,Wall
330,680,Wall
340,680,Wall
350,680,Wall
360,680,Wall
370,680,Wall
380,680,Wall
390,680,Wall
400,680,Wall
410,680,Wall
420,680,Wall
430,680,Wall
440,680,Wall
450,680,Wall
460,680,Wall
470,680,Wall
480,680,Wall
490,680,Route
500,680,Route
510,680,Route
520,680,Route
530,680,Route
540,680,Route
550,680,Route
560,680,Route
570,680,Route
580,680,Route
590,680,Route
600,680,Route
610,680,Route
620,680,Route
630,680,Route
640,680,Route
650,680,Route
660,680,Route
670,680,Route
680,680,Route
690,680,Route
700,680,Route
710,680,Route
720,680,Route
730,680,Route
740,680,Route
750,680,Route
760,680,Route
770,680,Route
780,680,Route
790,680,Route
800,680,Route
810,680,Route
820,680,Route
830,680,Route
840,680,Wall
850,680,Wall
860,680,Wall
870,680,Wall
880,680,Wall
890,680,Wall
900,680,Wall
910,680,Wall
920,680,Wall
930,680,Wall
940,680,Wall
950,680,Wall
960,680,Wall
970,680,Wall
980,680,Wall
990,680,Wall
1000,680,Wall
1010,680,Wall
1020,680,Wall
1030,680,Wall
1040,680,Wall
1050,680,Wall
1060,680,Wall
1070,680,Wall
1080,680,Wall
1090,680,Wall
1100,680,Wall
1110,680,Route
1120,680,Route
1130,680,Route
1140,680,Route
1150,680,Wall
1160,680,Wall
1170,680,Wall
1180,680,Wall
1190,680,Wall
1200,680,Wall
1210,680,Wall
1220,680,Wall
1230,680,Wall
1240,680,Wall
1250,680,Wall
1260,680,Wall
1270,680,Wall
1280,680,Wall
1290,680,Wall
1300,680,Wall
1310,680,Wall
1320,680,Wall
1330,680,Wall
1340,680,Wall
1350,680,Wall
1360,680,Wall
1370,680,Wall
1380,680,Wall
1390,680,Wall
1400,680,Wall
1410,680,Wall
1420,680,Wall
1430,680,Wall
1440,680,Wall
1450,680,Wall
1460,680,Wall
1470,680,Wall
1480,680,Wall
1490,680,Wall
1500,680,Wall
1510,680,Wall
1520,680,Wall
1530,680,Wall
1540,680,Wall
1550,680,Wall
1560,680,Wall
1570,680,Wall
1580,680,Wall
1590,680,Wall
0,690,Wall
10,690,Wall
20,690,Wall
30,690,Wall
40,690,Wall
50,690,Wall
60,690,Wall
70,690,Wall
80,690,Wall
90,690,Wall
100,690,Wall
110,690,Wall
120,690,Wall
130,690,Wall
140,690,Wall
150,690,Wall
160,690,Wall
170,690,Wall
180,690,Wall
190,690,Wall
200,690,Wall
210,690,Wall
220,690,Wall
230,690,Wall
240,690,Wall
250,690,Wall
260,690,Wall
270,690,Wall
280,690,Wall
290,690,Wall
300,690,Wall
310,690,Wall
320,690,Wall
330,690,Wall
340,690,Wall
350,690,Wall
360,690,Wall
370,690,Wall
380,690,Wall
390,690,Wall
400,690,Wall
410,690,Wall
420,690,Wall
430,690,Wall
440,690,Wall
450,690,Wall
460,690,Wall
470,690,Wall
480,690,Wall
490,690,Route
500,690,Route
510,690,Route
520,690,Route
530,690,Route
540,690,Route
550,690,Route
560,690,Route
570,690,Route
580,690,Route
590,690,Route
600,690,Route
610,690,Route
620,690,Route
630,690,Route
640,690,Route
650,690,Route
660,690,Route
670,690,Battle
680,690,Route
690,690,Route
700,690,Route
710,690,Route
720,690,Route
730,690,Route
740,690,Route
750,690,Route
760,690,Route
770,690,Route
780,690,Route
790,690,Route
800,690,Route
810,690,Route
820,690,Route
830,690,Route
840,690,Wall
850,690,Wall
860,690,Wall
870,690,Wall
880,690,Wall
890,690,Wall
900,690,Wall
910,690,Wall
920,690,Wall
930,690,Wall
940,690,Wall
950,690,Wall
960,690,Wall
970,690,Wall
980,690,Wall
990,690,Wall
1000,690,Wall
1010,690,Wall
1020,690,Wall
1030,690,Wall
1040,690,Wall
1050,690,Wall
1060,690,Wall
1070,690,Wall
1080,690,Wall
1090,690,Route
1100,690,Route
1110,690,Route
1120,690,Route
1130,690,Route
1140,690,Route
1150,690,Wall
1160,690,Wall
1170,690,Wall
1180,690,Wall
1190,690,Wall
1200,690,Wall
1210,690,Wall
1220,690,Wall
1230,690,Wall
1240,690,Wall
1250,690,Wall
1260,690,Wall
1270,690,Wall
1280,690,Wall
1290,690,Wall
1300,690,Wall
1310,690,Wall
1320,690,Wall
1330,690,Wall
1340,690,Wall
1350,690,Wall
1360,690,Wall
1370,690,Wall
1380,690,Wall
1390,690,Wall
1400,690,Wall
1410,690,Wall
1420,690,Wall
1430,690,Wall
1440,690,Wall
1450,690,Wall
1460,690,Wall
1470,690,Wall
1480,690,Wall
1490,690,Wall
1500,690,Wall
1510,690,Wall
1520,690,Wall
1530,690,Wall
1540,690,Wall
1550,690,Wall
1560,690,Wall
1570,690,Wall
1580,690,Wall
1590,690,Wall
0,700,Wall
10,700,Wall
20,700,Wall
30,700,Wall
40,700,Wall
50,700,Wall
60,700,Wall
70,700,Wall
80,700,Wall
90,700,Wall
100,700,Wall
110,700,Wall
120,700,Wall
130,700,Wall
140,700,Wall
150,700,Wall
160,700,Wall
170,700,Wall
180,700,Wall
190,700,Wall
200,700,Wall
210,700,Wall
220,700,Wall
230,700,Wall
240,700,Wall
250,700,Wall
260,700,Wall
270,700,Wall
280,700,Wall
290,700,Wall
300,700,Wall
310,700,Wall
320,700,Wall
330,700,Wall
340,700,Wall
350,700,Wall
360,700,Wall
370,700,Wall
380,700,Wall
390,700,Wall
400,700,Wall
410,700,Wall
420,700,Wall
430,700,Wall
440,700,Wall
450,700,Wall
460,700,Wall
470,700,Wall
480,700,Wall
490,700,Route
500,700,Route
510,700,Route
520,700,Route
530,700,Route
540,700,Route
550,700,Route
560,700,Route
570,700,Route
580,700,Route
590,700,Route
600,700,Route
610,700,Route
620,700,Route
630,700,Route
640,700,Route
650,700,Route
660,700,Route
670,700,Route
680,700,Route
690,700,Route
700,700,Route
710,700,Route
720,700,Route
730,700,Route
740,700,Route
750,700,Route
760,700,Route
770,700,Wall
780,700,Wall
790,700,Wall
800,700,Route
810,700,Route
820,700,Route
830,700,Route
840,700,Route
850,700,Route
860,700,Route
870,700,Route
880,700,Route
890,700,Route
900,700,Route
910,700,Route
920,700,Route
930,700,Route
940,700,Route
950,700,Route
960,700,Route
970,700,Route
980,700,Route
990,700,Route
1000,700,Route
1010,700,Route
1020,700,Route
1030,700,Route
1040,700,Route
1050,700,Route
1060,700,Route
1070,700,Route
1080,700,Route
1090,700,Route
1100,700,Route
1110,700,Route
1120,700,Route
1130,700,Route
1140,700,Route
1150,700,Wall
1160,700,Wall
1170,700,Wall
1180,700,Wall
1190,700,Wall
1200,700,Wall
1210,700,Wall
1220,700,Wall
1230,700,Wall
1240,700,Wall
1250,700,Wall
1260,700,Wall
1270,700,Wall
1280,700,Wall
1290,700,Wall
1300,700,Wall
1310,700,Wall
1320,700,Wall
1330,700,Wall
1340,700,Wall
1350,700,Wall
1360,700,Wall
1370,700,Wall
1380,700,Wall
1390,700,Wall
1400,700,Wall
1410,700,Wall
1420,700,Wall
1430,700,Wall
1440,700,Wall
1450,700,Wall
1460,700,Wall
1470,700,Wall
1480,700,Wall
1490,700,Wall
1500,700,Wall
1510,700,Wall
1520,700,Wall
1530,700,Wall
1540,700,Wall
1550,700,Wall
1560,700,Wall
1570,700,Wall
1580,700,Wall
1590,700,Wall
0,710,Wall
10,710,Wall
20,710,Wall
30,710,Wall
40,710,Wall
50,710,Wall
60,710,Wall
70,710,Wall
80,710,Wall
90,710,Wall
100,710,Wall
110,710,Wall
120,710,Wall
130,710,Wall
140,710,Wall
150,710,Wall
160,710,Wall
170,710,Wall
180,710,Wall
190,710,Wall
200,710,Wall
210,710,Wall
220,710,Wall
230,710,Wall
240,710,Wall
250,710,Wall
260,710,Wall
270,710,Wall
280,710,Wall
290,710,Wall
300,710,Wall
310,710,Wall
320,710,Wall
330,710,Wall
340,710,Wall
350,710,Wall
360,710,Wall
370,710,Wall
380,710,Wall
390,710,Wall
400,710,Wall
410,710,Wall
420,710,Wall
430,710,Wall
440,710,Wall
450,710,Wall
460,710,Wall
470,710,Wall
480,710,Wall
490,710,Wall
500,710,Wall
510,710,Wall
520,710,Wall
530,710,Wall
540,710,Wall
550,710,Wall
560,710,Wall
570,710,Wall
580,710,Route
590,710,Route
600,710,Route
610,710,Route
620,710,Route
630,710,Route
640,710,Route
650,710,Route
660,710,Route
670,710,Route
680,710,Route
690,710,Route
700,710,Route
710,710,Route
720,710,Route
730,710,Route
740,710,Route
750,710,Route
760,710,Route
770,710,Wall
780,710,Wall
790,710,Wall
800,710,Route
810,710,Route
820,710,Route
830,710,Route
840,710,Route
850,710,Route
860,710,Route
870,710,Route
880,710,Route
890,710,Route
900,710,Route
910,710,Route
920,710,Route
930,710,Route
940,710,Route
950,710,Route
960,710,Route
970,710,Route
980,710,Route
990,710,Route
1000,710,Route
1010,710,Route
1020,710,Route
1030,710,Route
1040,710,Route
1050,710,Route
1060,710,Route
1070,710,Route
1080,710,Route
1090,710,Route
1100,710,Route
1110,710,Route
1120,710,Route
1130,710,Route
1140,710,Route
1150,710,Route
1160,710,Route
1170,710,Wall
1180,710,Wall
1190,710,Wall
1200,710,Wall
1210,710,Wall
1220,710,Wall
1230,710,Wall
1240,710,Wall
1250,710,Wall
1260,710,Wall
1270,710,Wall
1280,710,Wall
1290,710,Wall
1300,710,Wall
1310,710,Wall
1320,710,Wall
1330,710,Wall
1340,710,Wall
1350,710,Wall
1360,710,Wall
1370,710,Wall
1380,710,Wall
1390,710,Wall
1400,710,Wall
1410,710,Wall
1420,710,Wall
1430,710,Wall
1440,710,Wall
1450,710,Wall
1460,710,Wall
1470,710,Wall
1480,710,Wall
1490,710,Wall
1500,710,Wall
1510,710,Wall
1520,710,Wall
1530,710,Wall
1540,710,Wall
1550,710,Wall
1560,710,Wall
1570,710,Wall
1580,710,Wall
1590,710,Wall
0,720,Wall
10,720,Wall
20,720,Wall
30,720,Wall
40,720,Wall
50,720,Wall
60,720,Wall
70,720,Wall
80,720,Wall
90,720,Wall
100,720,Wall
110,720,Wall
120,720,Wall
130,720,Wall
140,720,Wall
150,720,Wall
160,720,Wall
170,720,Wall
180,720,Wall
190,720,Wall
200,720,Wall
210,720,Wall
220,720,Wall
230,720,Wall
240,720,Wall
250,720,Wall
260,720,Wall
270,720,Wall
280,720,Wall
290,720,Wall
300,720,Wall
310,720,Wall
320,720,Wall
330,720,Wall
340,720,Wall
350,720,Wall
360,720,Wall
370,720,Wall
380,720,Wall
390,720,Wall
400,720,Wall
410,720,Wall
420,720,Wall
430,720,Wall
440,720,Wall
450,720,Wall
460,720,Wall
470,720,Wall
480,720,Wall
490,720,Wall
500,720,Wall
510,720,Wall
520,720,Wall
530,720,Wall
540,720,Wall
550,720,Wall
560,720,Wall
570,720,Wall
580,720,Route
590,720,Route
600,720,Route
610,720,Route
620,720,Route
630,720,Route
640,720,Route
650,720,Route
660,720,Route
670,720,Route
680,720,Route
690,720,Route
700,720,Route
710,720,Route
720,720,Route
730,720,Route
740,720,Route
750,720,Route
760,720,Route
770,720,Wall
780,720,Wall
790,720,Wall
800,720,Route
810,720,Route
820,720,Route
830,720,Route
840,720,Route
850,720,Route
860,720,Route
870,720,Route
880,720,Route
890,720,Route
900,720,Route
910,720,Route
920,720,Route
930,720,Route
940,720,Route
950,720,Route
960,720,Route
970,720,Route
980,720,Route
990,720,Route
1000,720,Route
1010,720,Route
1020,720,Route
1030,720,Route
1040,720,Route
1050,720,Route
1060,720,Route
1070,720,Route
1080,720,Route
1090,720,Route
1100,720,Route
1110,720,Route
1120,720,Route
1130,720,Route
1140,720,Route
1150,720,Route
1160,720,Route
1170,720,Wall
1180,720,Wall
1190,720,Wall
1200,720,Wall
1210,720,Wall
1220,720,Wall
1230,720,Wall
1240,720,Wall
1250,720,Wall
1260,720,Wall
1270,720,Wall
1280,720,Wall
1290,720,Wall
1300,720,Wall
1310,720,Wall
1320,720,Wall
1330,720,Wall
1340,720,Wall
1350,720,Wall
1360,720,Wall
1370,720,Wall
1380,720,Wall
1390,720,Wall
1400,720,Wall
1410,720,Wall
1420,720,Wall
1430,720,Wall
1440,720,Wall
1450,720,Wall
1460,720,Wall
1470,720,Wall
1480,720,Wall
1490,720,Wall
1500,720,Wall
1510,720,Wall
1520,720,Wall
1530,720,Wall
1540,720,Wall
1550,720,Wall
1560,720,Wall
1570,720,Wall
1580,720,Wall
1590,720,Wall
0,730,Wall
10,730,Wall
20,730,Wall
30,730,Wall
40,730,Wall
50,730,Wall
60,730,Wall
70,730,Wall
80,730,Wall
90,730,Wall
100,730,Wall
110,730,Wall
120,730,Wall
130,730,Wall
140,730,Wall
150,730,Wall
160,730,Wall
170,730,Wall
180,730,Wall
190,730,Wall
200,730,Wall
210,730,Wall
220,730,Wall
230,730,Wall
240,730,Wall
250,730,Wall
260,730,Wall
270,730,Wall
280,730,Wall
290,730,Wall
300,730,Wall
310,730,Wall
320,730,Wall
330,730,Wall
340,730,Wall
350,730,Wall
360,730,Wall
370,730,Wall
380,730,Wall
390,730,Wall
400,730,Wall
410,730,Wall
420,730,Wall
430,730,Wall
440,730,Wall
450,730,Wall
460,730,Wall
470,730,Wall
480,730,Wall
490,730,Wall
500,730,Wall
510,730,Wall
520,730,Wall
530,730,Wall
540,730,Wall
550,730,Wall
560,730,Wall
570,730,Wall
580,730,Route
590,730,Route
600,730,Route
610,730,Route
620,730,Route
630,730,Route
640,730,Route
650,730,Route
660,730,Route
670,730,Route
680,730,Route
690,730,Route
700,730,Route
710,730,Route
720,730,Route
730,730,Route
740,730,Route
750,730,Route
760,730,Route
770,730,Wall
780,730,Wall
790,730,Wall
800,730,Route
810,730,Route
820,730,Route
830,730,Route
840,730,Route
850,730,Route
860,730,Route
870,730,Route
880,730,Route
890,730,Route
900,730,Route
910,730,Route
920,730,Route
930,730,Route
940,730,Route
950,730,Route
960,730,Route
970,730,Route
980,730,Route
990,730,Route
1000,730,Route
1010,730,Route
1020,730,Route
1030,730,Route
1040,730,Route
1050,730,Route
1060,730,Route
1070,730,Route
1080,730,Wall
1090,730,Route
1100,730,Route
1110,730,Route
1120,730,Route
1130,730,Route
1140,730,Route
1150,730,Route
1160,730,Treasure
1170,730,Wall
1180,730,Wall
1190,730,Wall
1200,730,Wall
1210,730,Wall
1220,730,Wall
1230,730,Wall
1240,730,Wall
1250,730,Wall
1260,730,Wall
1270,730,Wall
1280,730,Wall
1290,730,Wall
1300,730,Wall
1310,730,Wall
1320,730,Wall
1330,730,Wall
1340,730,Wall
1350,730,Wall
1360,730,Wall
1370,730,Wall
1380,730,Wall
1390,730,Wall
1400,730,Wall
1410,730,Wall
1420,730,Wall
1430,730,Wall
1440,730,Wall
1450,730,Wall
1460,730,Wall
1470,730,Wall
1480,730,Wall
1490,730,Wall
1500,730,Wall
1510,730,Wall
1520,730,Wall
1530,730,Wall
1540,730,Wall
1550,730,Wall
1560,730,Wall
1570,730,Wall
1580,730,Wall
1590,730,Wall
0,740,Wall
10,740,Wall
20,740,Wall
30,740,Wall
40,740,Wall
50,740,Wall
60,740,Wall
70,740,Wall
80,740,Wall
90,740,Wall
100,740,Wall
110,740,Wall
120,740,Wall
130,740,Wall
140,740,Wall
150,740,Wall
160,740,Wall
170,740,Wall
180,740,Wall
190,740,Wall
200,740,Wall
210,740,Wall
220,740,Wall
230,740,Wall
240,740,Wall
250,740,Wall
260,740,Wall
270,740,Wall
280,740,Wall
290,740,Wall
300,740,Wall
310,740,Wall
320,740,Wall
330,740,Wall
340,740,Wall
350,740,Wall
360,740,Wall
370,740,Wall
380,740,Wall
390,740,Wall
400,740,Wall
410,740,Wall
420,740,Wall
430,740,Wall
440,740,Wall
450,740,Wall
460,740,Wall
470,740,Wall
480,740,Wall
490,740,Wall
500,740,Wall
510,740,Wall
520,740,Wall
530,740,Wall
540,740,Wall
550,740,Wall
560,740,Wall
570,740,Wall
580,740,Route
590,740,Route
600,740,Route
610,740,Route
620,740,Route
630,740,Route
640,740,Route
650,740,Route
660,740,Route
670,740,Route
680,740,Route
690,740,Route
700,740,Route
710,740,Route
720,740,Route
730,740,Route
740,740,Route
750,740,Route
760,740,Route
770,740,Wall
780,740,Wall
790,740,Wall
800,740,Wall
810,740,Wall
820,740,Wall
830,740,Wall
840,740,Wall
850,740,Wall
860,740,Wall
870,740,Wall
880,740,Wall
890,740,Wall
900,740,Wall
910,740,Wall
920,740,Wall
930,740,Wall
940,740,Wall
950,740,Wall
960,740,Wall
970,740,Wall
980,740,Wall
990,740,Wall
1000,740,Wall
1010,740,Wall
1020,740,Wall
1030,740,Wall
1040,740,Route
1050,740,Route
1060,740,Route
1070,740,Route
1080,740,Wall
1090,740,Route
1100,740,Route
1110,740,Route
1120,740,Route
1130,740,Route
1140,740,Route
1150,740,Wall
1160,740,Wall
1170,740,Wall
1180,740,Wall
1190,740,Wall
1200,740,Wall
1210,740,Wall
1220,740,Wall
1230,740,Wall
1240,740,Wall
1250,740,Wall
1260,740,Wall
1270,740,Wall
1280,740,Wall
1290,740,Wall
1300,740,Wall
1310,740,Wall
1320,740,Wall
1330,740,Wall
1340,740,Wall
1350,740,Wall
1360,740,Wall
1370,740,Wall
1380,740,Wall
1390,740,Wall
1400,740,Wall
1410,740,Wall
1420,740,Wall
1430,740,Wall
1440,740,Wall
1450,740,Wall
1460,740,Wall
1470,740,Wall
1480,740,Wall
1490,740,Wall
1500,740,Wall
1510,740,Wall
1520,740,Wall
1530,740,Wall
1540,740,Wall
1550,740,Wall
1560,740,Wall
1570,740,Wall
1580,740,Wall
1590,740,Wall
0,750,Wall
10,750,Wall
20,750,Wall
30,750,Wall
40,750,Wall
50,750,Wall
60,750,Wall
70,750,Wall
80,750,Wall
90,750,Wall
100,750,Wall
110,750,Wall
120,750,Wall
130,750,Wall
140,750,Wall
150,750,Wall
160,750,Wall
170,750,Wall
180,750,Wall
190,750,Wall
200,750,Wall
210,750,Wall
220,750,Wall
230,750,Wall
240,750,Wall
250,750,Wall
260,750,Wall
270,750,Wall
280,750,Wall
290,750,Wall
300,750,Wall
310,750,Wall
320,750,Wall
330,750,Wall
340,750,Wall
350,750,Wall
360,750,Wall
370,750,Wall
380,750,Wall
390,750,Wall
400,750,Wall
410,750,Wall
420,750,Wall
430,750,Wall
440,750,Wall
450,750,Wall
460,750,Wall
470,750,Wall
480,750,Wall
490,750,Wall
500,750,Wall
510,750,Wall
520,750,Wall
530,750,Wall
540,750,Wall
550,750,Wall
560,750,Wall
570,750,Wall
580,750,Route
590,750,Route
600,750,Route
610,750,Route
620,750,Route
630,750,Route
640,750,Route
650,750,Route
660,750,Route
670,750,Route
680,750,Route
690,750,Route
700,750,Route
710,750,Route
720,750,Route
730,750,Route
740,750,Route
750,750,Route
760,750,Route
770,750,Wall
780,750,Wall
790,750,Wall
800,750,Wall
810,750,Wall
820,750,Wall
830,750,Wall
840,750,Wall
850,750,Wall
860,750,Wall
870,750,Wall
880,750,Wall
890,750,Wall
900,750,Wall
910,750,Wall
920,750,Wall
930,750,Wall
940,750,Wall
950,750,Wall
960,750,Wall
970,750,Wall
980,750,Wall
990,750,Wall
1000,750,Wall
1010,750,Wall
1020,750,Wall
1030,750,Wall
1040,750,Route
1050,750,Route
1060,750,Route
1070,750,Route
1080,750,Wall
1090,750,Route
1100,750,Route
1110,750,Route
1120,750,Route
1130,750,Route
1140,750,Route
1150,750,Wall
1160,750,Wall
1170,750,Wall
1180,750,Wall
1190,750,Wall
1200,750,Wall
1210,750,Wall
1220,750,Wall
1230,750,Wall
1240,750,Wall
1250,750,Wall
1260,750,Wall
1270,750,Wall
1280,750,Wall
1290,750,Wall
1300,750,Wall
1310,750,Wall
1320,750,Wall
1330,750,Wall
1340,750,Wall
1350,750,Wall
1360,750,Wall
1370,750,Wall
1380,750,Wall
1390,750,Wall
1400,750,Wall
1410,750,Wall
1420,750,Wall
1430,750,Wall
1440,750,Wall
1450,750,Wall
1460,750,Wall
1470,750,Wall
1480,750,Wall
1490,750,Wall
1500,750,Wall
1510,750,Wall
1520,750,Wall
1530,750,Wall
1540,750,Wall
1550,750,Wall
1560,750,Wall
1570,750,Wall
1580,750,Wall
1590,750,Wall
0,760,Wall
10,760,Wall
20,760,Wall
30,760,Wall
40,760,Wall
50,760,Wall
60,760,Wall
70,760,Wall
80,760,Wall
90,760,Wall
100,760,Wall
110,760,Wall
120,760,Wall
130,760,Wall
140,760,Wall
150,760,Wall
160,760,Wall
170,760,Wall
180,760,Wall
190,760,Wall
200,760,Wall
210,760,Wall
220,760,Wall
230,760,Wall
240,760,Wall
250,760,Wall
260,760,Wall
270,760,Wall
280,760,Wall
290,760,Wall
300,760,Wall
310,760,Wall
320,760,Wall
330,760,Wall
340,760,Wall
350,760,Wall
360,760,Wall
370,760,Wall
380,760,Wall
390,760,Wall
400,760,Wall
410,760,Wall
420,760,Wall
430,760,Wall
440,760,Wall
450,760,Wall
460,760,Wall
470,760,Wall
480,760,Wall
490,760,Wall
500,760,Wall
510,760,Wall
520,760,Wall
530,760,Wall
540,760,Wall
550,760,Wall
560,760,Wall
570,760,Wall
580,760,Route
590,760,Route
600,760,Route
610,760,Route
620,760,Route
630,760,Route
640,760,Route
650,760,Route
660,760,Route
670,760,Route
680,760,Route
690,760,Route
700,760,Route
710,760,Route
720,760,Route
730,760,Route
740,760,Route
750,760,Route
760,760,Route
770,760,Wall
780,760,Wall
790,760,Wall
800,760,Wall
810,760,Wall
820,760,Wall
830,760,Wall
840,760,Wall
850,760,Wall
860,760,Wall
870,760,Wall
880,760,Wall
890,760,Wall
900,760,Wall
910,760,Wall
920,760,Wall
930,760,Wall
940,760,Wall
950,760,Wall
960,760,Wall
970,760,Wall
980,760,Wall
990,760,Wall
1000,760,Wall
1010,760,Wall
1020,760,Wall
1030,760,Wall
1040,760,Wall
1050,760,Wall
1060,760,Wall
1070,760,Wall
1080,760,Wall
1090,760,Wall
1100,760,Wall
1110,760,Wall
1120,760,Wall
1130,760,Wall
1140,760,Wall
1150,760,Wall
1160,760,Wall
1170,760,Wall
1180,760,Wall
1190,760,Wall
1200,760,Wall
1210,760,Wall
1220,760,Wall
1230,760,Wall
1240,760,Wall
1250,760,Wall
1260,760,Wall
1270,760,Wall
1280,760,Wall
1290,760,Wall
1300,760,Wall
1310,760,Wall
1320,760,Wall
1330,760,Wall
1340,760,Wall
1350,760,Wall
1360,760,Wall
1370,760,Wall
1380,760,Wall
1390,760,Wall
1400,760,Wall
1410,760,Wall
1420,760,Wall
1430,760,Wall
1440,760,Wall
1450,760,Wall
1460,760,Wall
1470,760,Wall
1480,760,Wall
1490,760,Wall
1500,760,Wall
1510,760,Wall
1520,760,Wall
1530,760,Wall
1540,760,Wall
1550,760,Wall
1560,760,Wall
1570,760,Wall
1580,760,Wall
1590,760,Wall
0,770,Wall
10,770,Wall
20,770,Wall
30,770,Wall
40,770,Wall
50,770,Wall
60,770,Wall
70,770,Wall
80,770,Wall
90,770,Wall
100,770,Wall
110,770,Wall
120,770,Wall
130,770,Wall
140,770,Wall
150,770,Wall
160,770,Wall
170,770,Wall
180,770,Wall
190,770,Wall
200,770,Wall
210,770,Wall
220,770,Wall
230,770,Wall
240,770,Wall
250,770,Wall
260,770,Wall
270,770,Wall
280,770,Wall
290,770,Wall
300,770,Wall
310,770,Wall
320,770,Wall
330,770,Wall
340,770,Wall
350,770,Wall
360,770,Wall
370,770,Wall
380,770,Wall
390,770,Wall
400,770,Wall
410,770,Wall
420,770,Wall
430,770,Wall
440,770,Wall
450,770,Wall
460,770,Wall
470,770,Wall
480,770,Wall
490,770,Wall
500,770,Wall
510,770,Wall
520,770,Wall
530,770,Wall
540,770,Wall
550,770,Wall
560,770,Wall
570,770,Wall
580,770,Route
590,770,Route
600,770,Route
610,770,Route
620,770,Route
630,770,Route
640,770,Route
650,770,Route
660,770,Route
670,770,Route
680,770,Route
690,770,Route
700,770,Route
710,770,Route
720,770,Route
730,770,Route
740,770,Route
750,770,Route
760,770,Route
770,770,Wall
780,770,Wall
790,770,Wall
800,770,Wall
810,770,Wall
820,770,Wall
830,770,Wall
840,770,Wall
850,770,Wall
860,770,Wall
870,770,Wall
880,770,Wall
890,770,Wall
900,770,Wall
910,770,Wall
920,770,Wall
930,770,Wall
940,770,Wall
950,770,Wall
960,770,Wall
970,770,Wall
980,770,Wall
990,770,Wall
1000,770,Wall
1010,770,Wall
1020,770,Wall
1030,770,Wall
1040,770,Wall
1050,770,Wall
1060,770,Wall
1070,770,Wall
1080,770,Wall
1090,770,Wall
1100,770,Wall
1110,770,Wall
1120,770,Wall
1130,770,Wall
1140,770,Wall
1150,770,Wall
1160,770,Wall
1170,770,Wall
1180,770,Wall
1190,770,Wall
1200,770,Wall
1210,770,Wall
1220,770,Wall
1230,770,Wall
1240,770,Wall
1250,770,Wall
1260,770,Wall
1270,770,Wall
1280,770,Wall
1290,770,Wall
1300,770,Wall
1310,770,Wall
1320,770,Wall
1330,770,Wall
1340,770,Wall
1350,770,Wall
1360,770,Wall
1370,770,Wall
1380,770,Wall
1390,770,Wall
1400,770,Wall
1410,770,Wall
1420,770,Wall
1430,770,Wall
1440,770,Wall
1450,770,Wall
1460,770,Wall
1470,770,Wall
1480,770,Wall
1490,770,Wall
1500,770,Wall
1510,770,Wall
1520,770,Wall
1530,770,Wall
1540,770,Wall
1550,770,Wall
1560,770,Wall
1570,770,Wall
1580,770,Wall
1590,770,Wall
0,780,Wall
10,780,Wall
20,780,Wall
30,780,Wall
40,780,Wall
50,780,Wall
60,780,Wall
70,780,Wall
80,780,Wall
90,780,Wall
100,780,Wall
110,780,Wall
120,780,Wall
130,780,Wall
140,780,Wall
150,780,Wall
160,780,Wall
170,780,Wall
180,780,Wall
190,780,Wall
200,780,Wall
210,780,Wall
220,780,Wall
230,780,Wall
240,780,Wall
250,780,Wall
260,780,Wall
270,780,Wall
280,780,Wall
290,780,Wall
300,780,Wall
310,780,Wall
320,780,Wall
330,780,Wall
340,780,Wall
350,780,Wall
360,780,Wall
370,780,Wall
380,780,Wall
390,780,Wall
400,780,Wall
410,780,Wall
420,780,Wall
430,780,Wall
440,780,Wall
450,780,Wall
460,780,Wall
470,780,Wall
480,780,Wall
490,780,Wall
500,780,Wall
510,780,Wall
520,780,Wall
530,780,Wall
540,780,Wall
550,780,Wall
560,780,Wall
570,780,Wall
580,780,Route
590,780,Route
600,780,Route
610,780,Route
620,780,Route
630,780,Route
640,780,Route
650,780,Route
660,780,Route
670,780,Route
680,780,Route
690,780,Route
700,780,Route
710,780,Route
720,780,Route
730,780,Route
740,780,Route
750,780,Route
760,780,Route
770,780,Wall
780,780,Wall
790,780,Wall
800,780,Wall
810,780,Wall
820,780,Wall
830,780,Wall
840,780,Wall
850,780,Wall
860,780,Wall
870,780,Wall
880,780,Wall
890,780,Wall
900,780,Wall
910,780,Wall
920,780,Wall
930,780,Wall
940,780,Wall
950,780,Wall
960,780,Wall
970,780,Wall
980,780,Wall
990,780,Wall
1000,780,Wall
1010,780,Wall
1020,780,Wall
1030,780,Wall
1040,780,Wall
1050,780,Wall
1060,780,Wall
1070,780,Wall
1080,780,Wall
1090,780,Wall
1100,780,Wall
1110,780,Wall
1120,780,Wall
1130,780,Wall
1140,780,Wall
1150,780,Wall
1160,780,Wall
1170,780,Wall
1180,780,Wall
1190,780,Wall
1200,780,Wall
1210,780,Wall
1220,780,Wall
1230,780,Wall
1240,780,Wall
1250,780,Wall
1260,780,Wall
1270,780,Wall
1280,780,Wall
1290,780,Wall
1300,780,Wall
1310,780,Wall
1320,780,Wall
1330,780,Wall
1340,780,Wall
1350,780,Wall
1360,780,Wall
1370,780,Wall
1380,780,Wall
1390,780,Wall
1400,780,Wall
1410,780,Wall
1420,780,Wall
1430,780,Wall
1440,780,Wall
1450,780,Wall
1460,780,Wall
1470,780,Wall
1480,780,Wall
1490,780,Wall
1500,780,Wall
1510,780,Wall
1520,780,Wall
1530,780,Wall
1540,780,Wall
1550,780,Wall
1560,780,Wall
1570,780,Wall
1580,780,Wall
1590,780,Wall
0,790,Wall
10,790,Wall
20,790,Wall
30,790,Wall
40,790,Wall
50,790,Wall
60,790,Wall
70,790,Wall
80,790,Wall
90,790,Wall
100,790,Wall
110,790,Wall
120,790,Wall
130,790,Wall
140,790,Wall
150,790,Wall
160,790,Wall
170,790,Wall
180,790,Wall
190,790,Wall
200,790,Wall
210,790,Wall
220,790,Wall
230,790,Wall
240,790,Wall
250,790,Wall
260,790,Wall
270,790,Wall
280,790,Wall
290,790,Wall
300,790,Wall
310,790,Wall
320,790,Wall
330,790,Wall
340,790,Wall
350,790,Wall
360,790,Wall
370,790,Wall
380,790,Wall
390,790,Wall
400,790,Wall
410,790,Wall
420,790,Wall
430,790,Wall
440,790,Wall
450,790,Wall
460,790,Wall
470,790,Wall
480,790,Wall
490,790,Wall
500,790,Wall
510,790,Wall
520,790,Wall
530,790,Wall
540,790,Wall
550,790,Wall
560,790,Wall
570,790,Wall
580,790,Wall
590,790,Wall
600,790,Wall
610,790,Wall
620,790,Wall
630,790,Wall
640,790,Wall
650,790,Wall
660,790,Wall
670,790,Wall
680,790,Route
690,790,Route
700,790,Wall
710,790,Wall
720,790,Wall
730,790,Wall
740,790,Wall
750,790,Wall
760,790,Wall
770,790,Wall
780,790,Wall
790,790,Wall
800,790,Wall
810,790,Wall
820,790,Wall
830,790,Wall
840,790,Wall
850,790,Wall
860,790,Wall
870,790,Wall
880,790,Wall
890,790,Wall
900,790,Wall
910,790,Wall
920,790,Wall
930,790,Wall
940,790,Wall
950,790,Wall
960,790,Wall
970,790,Wall
980,790,Wall
990,790,Wall
1000,790,Wall
1010,790,Wall
1020,790,Wall
1030,790,Wall
1040,790,Wall
1050,790,Wall
1060,790,Wall
1070,790,Wall
1080,790,Wall
1090,790,Wall
1100,790,Wall
1110,790,Wall
1120,790,Wall
1130,790,Wall
1140,790,Wall
1150,790,Wall
1160,790,Wall
1170,790,Wall
1180,790,Wall
1190,790,Wall
1200,790,Wall
1210,790,Wall
1220,790,Wall
1230,790,Wall
1240,790,Wall
1250,790,Wall
1260,790,Wall
1270,790,Wall
1280,790,Wall
1290,790,Wall
1300,790,Wall
1310,790,Wall
1320,790,Wall
1330,790,Wall
1340,790,Wall
1350,790,Wall
1360,790,Wall
1370,790,Wall
1380,790,Wall
1390,790,Wall
1400,790,Wall
1410,790,Wall
1420,790,Wall
1430,790,Wall
1440,790,Wall
1450,790,Wall
1460,790,Wall
1470,790,Wall
1480,790,Wall
1490,790,Wall
1500,790,Wall
1510,790,Wall
1520,790,Wall
1530,790,Wall
1540,790,Wall
1550,790,Wall
1560,790,Wall
1570,790,Wall
1580,790,Wall
1590,790,Wall
0,800,Wall
10,800,Wall
20,800,Wall
30,800,Wall
40,800,Wall
50,800,Wall
60,800,Wall
70,800,Wall
80,800,Wall
90,800,Wall
100,800,Wall
110,800,Wall
120,800,Wall
130,800,Wall
140,800,Wall
150,800,Wall
160,800,Wall
170,800,Wall
180,800,Wall
190,800,Wall
200,800,Wall
210,800,Wall
220,800,Wall
230,800,Wall
240,800,Wall
250,800,Wall
260,800,Wall
270,800,Wall
280,800,Wall
290,800,Wall
300,800,Wall
310,800,Wall
320,800,Wall
330,800,Wall
340,800,Wall
350,800,Wall
360,800,Wall
370,800,Wall
380,800,Wall
390,800,Wall
400,800,Wall
410,800,Wall
420,800,Wall
430,800,Wall
440,800,Wall
450,800,Wall
460,800,Wall
470,800,Wall
480,800,Wall
490,800,Wall
500,800,Wall
510,800,Wall
520,800,Wall
530,800,Wall
540,800,Wall
550,800,Wall
560,800,Wall
570,800,Wall
580,800,Wall
590,800,Wall
600,800,Wall
610,800,Wall
620,800,Wall
630,800,Wall
640,800,Wall
650,800,Wall
660,800,Wall
670,800,Wall
680,800,Route
690,800,Route
700,800,Wall
710,800,Wall
720,800,Wall
730,800,Wall
740,800,Wall
750,800,Wall
760,800,Wall
770,800,Wall
780,800,Wall
790,800,Wall
800,800,Wall
810,800,Wall
820,800,Wall
830,800,Wall
840,800,Wall
850,800,Wall
860,800,Wall
870,800,Wall
880,800,Wall
890,800,Wall
900,800,Wall
910,800,Wall
920,800,Wall
930,800,Wall
940,800,Wall
950,800,Wall
960,800,Wall
970,800,Wall
980,800,Wall
990,800,Wall
1000,800,Wall
1010,800,Wall
1020,800,Wall
1030,800,Wall
1040,800,Wall
1050,800,Wall
1060,800,Wall
1070,800,Wall
1080,800,Wall
1090,800,Wall
1100,800,Wall
1110,800,Wall
1120,800,Wall
1130,800,Wall
1140,800,Wall
1150,800,Wall
1160,800,Wall
1170,800,Wall
1180,800,Wall
1190,800,Wall
1200,800,Wall
1210,800,Wall
1220,800,Wall
1230,800,Wall
1240,800,Wall
1250,800,Wall
1260,800,Wall
1270,800,Wall
1280,800,Wall
1290,800,Wall
1300,800,Wall
1310,800,Wall
1320,800,Wall
1330,800,Wall
1340,800,Wall
1350,800,Wall
1360,800,Wall
1370,800,Wall
1380,800,Wall
1390,800,Wall
1400,800,Wall
1410,800,Wall
1420,800,Wall
1430,800,Wall
1440,800,Wall
1450,800,Wall
1460,800,Wall
1470,800,Wall
1480,800,Wall
1490,800,Wall
1500,800,Wall
1510,800,Wall
1520,800,Wall
1530,800,Wall
1540,800,Wall
1550,800,Wall
1560,800,Wall
1570,800,Wall
1580,800,Wall
1590,800,Wall
0,810,Wall
10,810,Wall
20,810,Wall
30,810,Wall
40,810,Wall
50,810,Wall
60,810,Wall
70,810,Wall
80,810,Wall
90,810,Wall
100,810,Wall
110,810,Wall
120,810,Wall
130,810,Wall
140,810,Wall
150,810,Wall
160,810,Wall
170,810,Wall
180,810,Wall
190,810,Wall
200,810,Wall
210,810,Wall
220,810,Wall
230,810,Wall
240,810,Wall
250,810,Wall
260,810,Wall
270,810,Wall
280,810,Wall
290,810,Wall
300,810,Wall
310,810,Wall
320,810,Wall
330,810,Wall
340,810,Wall
350,810,Wall
360,810,Wall
370,810,Wall
380,810,Wall
390,810,Wall
400,810,Wall
410,810,Wall
420,810,Wall
430,810,Wall
440,810,Wall
450,810,Wall
460,810,Wall
470,810,Wall
480,810,Wall
490,810,Wall
500,810,Wall
510,810,Wall
520,810,Wall
530,810,Wall
540,810,Wall
550,810,Wall
560,810,Wall
570,810,Wall
580,810,Wall
590,810,Wall
600,810,Wall
610,810,Wall
620,810,Wall
630,810,Wall
640,810,Wall
650,810,Wall
660,810,Route
670,810,Route
680,810,Route
690,810,Route
700,810,Route
710,810,Route
720,810,Route
730,810,Wall
740,810,Wall
750,810,Wall
760,810,Wall
770,810,Wall
780,810,Wall
790,810,Wall
800,810,Wall
810,810,Wall
820,810,Wall
830,810,Wall
840,810,Wall
850,810,Wall
860,810,Wall
870,810,Wall
880,810,Wall
890,810,Wall
900,810,Wall
910,810,Wall
920,810,Wall
930,810,Wall
940,810,Wall
950,810,Wall
960,810,Wall
970,810,Wall
980,810,Wall
990,810,Wall
1000,810,Wall
1010,810,Wall
1020,810,Wall
1030,810,Wall
1040,810,Wall
1050,810,Wall
1060,810,Wall
1070,810,Wall
1080,810,Wall
1090,810,Wall
1100,810,Wall
1110,810,Wall
1120,810,Wall
1130,810,Wall
1140,810,Wall
1150,810,Wall
1160,810,Wall
1170,810,Wall
1180,810,Wall
1190,810,Wall
1200,810,Wall
1210,810,Wall
1220,810,Wall
1230,810,Wall
1240,810,Wall
1250,810,Wall
1260,810,Wall
1270,810,Wall
1280,810,Wall
1290,810,Wall
1300,810,Wall
1310,810,Wall
1320,810,Wall
1330,810,Wall
1340,810,Wall
1350,810,Wall
1360,810,Wall
1370,810,Wall
1380,810,Wall
1390,810,Wall
1400,810,Wall
1410,810,Wall
1420,810,Wall
1430,810,Wall
1440,810,Wall
1450,810,Wall
1460,810,Wall
1470,810,Wall
1480,810,Wall
1490,810,Wall
1500,810,Wall
1510,810,Wall
1520,810,Wall
1530,810,Wall
1540,810,Wall
1550,810,Wall
1560,810,Wall
1570,810,Wall
1580,810,Wall
1590,810,Wall
0,820,Wall
10,820,Wall
20,820,Wall
30,820,Wall
40,820,Wall
50,820,Wall
60,820,Wall
70,820,Wall
80,820,Wall
90,820,Wall
100,820,Wall
110,820,Wall
120,820,Wall
130,820,Wall
140,820,Wall
150,820,Wall
160,820,Wall
170,820,Wall
180,820,Wall
190,820,Wall
200,820,Wall
210,820,Wall
220,820,Wall
230,820,Wall
240,820,Wall
250,820,Wall
260,820,Wall
270,820,Wall
280,820,Wall
290,820,Wall
300,820,Wall
310,820,Wall
320,820,Wall
330,820,Wall
340,820,Wall
350,820,Wall
360,820,Wall
370,820,Wall
380,820,Wall
390,820,Wall
400,820,Wall
410,820,Wall
420,820,Wall
430,820,Wall
440,820,Wall
450,820,Wall
460,820,Wall
470,820,Wall
480,820,Wall
490,820,Wall
500,820,Wall
510,820,Wall
520,820,Wall
530,820,Wall
540,820,Wall
550,820,Wall
560,820,Wall
570,820,Wall
580,820,Wall
590,820,Wall
600,820,Wall
610,820,Wall
620,820,Wall
630,820,Wall
640,820,Wall
650,820,Wall
660,820,Route
670,820,Route
680,820,Treasure
690,820,Route
700,820,Route
710,820,Route
720,820,Route
730,820,Wall
740,820,Wall
750,820,Wall
760,820,Wall
770,820,Wall
780,820,Wall
790,820,Wall
800,820,Wall
810,820,Wall
820,820,Wall
830,820,Wall
840,820,Wall
850,820,Wall
860,820,Wall
870,820,Wall
880,820,Wall
890,820,Wall
900,820,Wall
910,820,Wall
920,820,Wall
930,820,Wall
940,820,Wall
950,820,Wall
960,820,Wall
970,820,Wall
980,820,Wall
990,820,Wall
1000,820,Wall
1010,820,Wall
1020,820,Wall
1030,820,Wall
1040,820,Wall
1050,820,Wall
1060,820,Wall
1070,820,Wall
1080,820,Wall
1090,820,Wall
1100,820,Wall
1110,820,Wall
1120,820,Wall
1130,820,Wall
1140,820,Wall
1150,820,Wall
1160,820,Wall
1170,820,Wall
1180,820,Wall
1190,820,Wall
1200,820,Wall
1210,820,Wall
1220,820,Wall
1230,820,Wall
1240,820,Wall
1250,820,Wall
1260,820,Wall
1270,820,Wall
1280,820,Wall
1290,820,Wall
1300,820,Wall
1310,820,Wall
1320,820,Wall
1330,820,Wall
1340,820,Wall
1350,820,Wall
1360,820,Wall
1370,820,Wall
1380,820,Wall
1390,820,Wall
1400,820,Wall
1410,820,Wall
1420,820,Wall
1430,820,Wall
1440,820,Wall
1450,820,Wall
1460,820,Wall
1470,820,Wall
1480,820,Wall
1490,820,Wall
1500,820,Wall
1510,820,Wall
1520,820,Wall
1530,820,Wall
1540,820,Wall
1550,820,Wall
1560,820,Wall
1570,820,Wall
1580,820,Wall
1590,820,Wall
0,830,Wall
10,830,Wall
20,830,Wall
30,830,Wall
40,830,Wall
50,830,Wall
60,830,Wall
70,830,Wall
80,830,Wall
90,830,Wall
100,830,Wall
110,830,Wall
120,830,Wall
130,830,Wall
140,830,Wall
150,830,Wall
160,830,Wall
170,830,Wall
180,830,Wall
190,830,Wall
200,830,Wall
210,830,Wall
220,830,Wall
230,830,Wall
240,830,Wall
250,830,Wall
260,830,Wall
270,830,Wall
280,830,Wall
290,830,Wall
300,830,Wall
310,830,Wall
320,830,Wall
330,830,Wall
340,830,Wall
350,830,Wall
360,830,Wall
370,830,Wall
380,830,Wall
390,830,Wall
400,830,Wall
410,830,Wall
420,830,Wall
430,830,Wall
440,830,Wall
450,830,Wall
460,830,Wall
470,830,Wall
480,830,Wall
490,830,Wall
500,830,Wall
510,830,Wall
520,830,Wall
530,830,Wall
540,830,Wall
550,830,Wall
560,830,Wall
570,830,Wall
580,830,Wall
590,830,Wall
600,830,Wall
610,830,Wall
620,830,Wall
630,830,Wall
640,830,Wall
650,830,Wall
660,830,Wall
670,830,Wall
680,830,Wall
690,830,Wall
700,830,Wall
710,830,Wall
720,830,Wall
730,830,Wall
740,830,Wall
750,830,Wall
760,830,Wall
770,830,Wall
780,830,Wall
790,830,Wall
800,830,Wall
810,830,Wall
820,830,Wall
830,830,Wall
840,830,Wall
850,830,Wall
860,830,Wall
870,830,Wall
880,830,Wall
890,830,Wall
900,830,Wall
910,830,Wall
920,830,Wall
930,830,Wall
940,830,Wall
950,830,Wall
960,830,Wall
970,830,Wall
980,830,Wall
990,830,Wall
1000,830,Wall
1010,830,Wall
1020,830,Wall
1030,830,Wall
1040,830,Wall
1050,830,Wall
1060,830,Wall
1070,830,Wall
1080,830,Wall
1090,830,Wall
1100,830,Wall
1110,830,Wall
1120,830,Wall
1130,830,Wall
1140,830,Wall
1150,830,Wall
1160,830,Wall
1170,830,Wall
1180,830,Wall
1190,830,Wall
1200,830,Wall
1210,830,Wall
1220,830,Wall
1230,830,Wall
1240,830,Wall
1250,830,Wall
1260,830,Wall
1270,830,Wall
1280,830,Wall
1290,830,Wall
1300,830,Wall
1310,830,Wall
1320,830,Wall
1330,830,Wall
1340,830,Wall
1350,830,Wall
1360,830,Wall
1370,830,Wall
1380,830,Wall
1390,830,Wall
1400,830,Wall
1410,830,Wall
1420,830,Wall
1430,830,Wall
1440,830,Wall
1450,830,Wall
1460,830,Wall
1470,830,Wall
1480,830,Wall
1490,830,Wall
1500,830,Wall
1510,830,Wall
1520,830,Wall
1530,830,Wall
1540,830,Wall
1550,830,Wall
1560,830,Wall
1570,830,Wall
1580,830,Wall
1590,830,Wall
0,840,Wall
10,840,Wall
20,840,Wall
30,840,Wall
40,840,Wall
50,840,Wall
60,840,Wall
70,840,Wall
80,840,Wall
90,840,Wall
100,840,Wall
110,840,Wall
120,840,Wall
130,840,Wall
140,840,Wall
150,840,Wall
160,840,Wall
170,840,Wall
180,840,Wall
190,840,Wall
200,840,Wall
210,840,Wall
220,840,Wall
230,840,Wall
240,840,Wall
250,840,Wall
260,840,Wall
270,840,Wall
280,840,Wall
290,840,Wall
300,840,Wall
310,840,Wall
320,840,Wall
330,840,Wall
340,840,Wall
350,840,Wall
360,840,Wall
370,840,Wall
380,840,Wall
390,840,Wall
400,840,Wall
410,840,Wall
420,840,Wall
430,840,Wall
440,840,Wall
450,840,Wall
460,840,Wall
470,840,Wall
480,840,Wall
490,840,Wall
500,840,Wall
510,840,Wall
520,840,Wall
530,840,Wall
540,840,Wall
550,840,Wall
560,840,Wall
570,840,Wall
580,840,Wall
590,840,Wall
600,840,Wall
610,840,Wall
620,840,Wall
630,840,Wall
640,840,Wall
650,840,Wall
660,840,Wall
670,840,Wall
680,840,Wall
690,840,Wall
700,840,Wall
710,840,Wall
720,840,Wall
730,840,Wall
740,840,Wall
750,840,Wall
760,840,Wall
770,840,Wall
780,840,Wall
790,840,Wall
800,840,Wall
810,840,Wall
820,840,Wall
830,840,Wall
840,840,Wall
850,840,Wall
860,840,Wall
870,840,Wall
880,840,Wall
890,840,Wall
900,840,Wall
910,840,Wall
920,840,Wall
930,840,Wall
940,840,Wall
950,840,Wall
960,840,Wall
970,840,Wall
980,840,Wall
990,840,Wall
1000,840,Wall
1010,840,Wall
1020,840,Wall
1030,840,Wall
1040,840,Wall
1050,840,Wall
1060,840,Wall
1070,840,Wall
1080,840,Wall
1090,840,Wall
1100,840,Wall
1110,840,Wall
1120,840,Wall
1130,840,Wall
1140,840,Wall
1150,840,Wall
1160,840,Wall
1170,840,Wall
1180,840,Wall
1190,840,Wall
1200,840,Wall
1210,840,Wall
1220,840,Wall
1230,840,Wall
1240,840,Wall
1250,840,Wall
1260,840,Wall
1270,840,Wall
1280,840,Wall
1290,840,Wall
1300,840,Wall
1310,840,Wall
1320,840,Wall
1330,840,Wall
1340,840,Wall
1350,840,Wall
1360,840,Wall
1370,840,Wall
1380,840,Wall
1390,840,Wall
1400,840,Wall
1410,840,Wall
1420,840,Wall
1430,840,Wall
1440,840,Wall
1450,840,Wall
1460,840,Wall
1470,840,Wall
1480,840,Wall
1490,840,Wall
1500,840,Wall
1510,840,Wall
1520,840,Wall
1530,840,Wall
1540,840,Wall
1550,840,Wall
1560,840,Wall
1570,840,Wall
1580,840,Wall
1590,840,Wall
0,850,Wall
10,850,Wall
20,850,Wall
30,850,Wall
40,850,Wall
50,850,Wall
60,850,Wall
70,850,Wall
80,850,Wall
90,850,Wall
100,850,Wall
110,850,Wall
120,850,Wall
130,850,Wall
140,850,Wall
150,850,Wall
160,850,Wall
170,850,Wall
180,850,Wall
190,850,Wall
200,850,Wall
210,850,Wall
220,850,Wall
230,850,Wall
240,850,Wall
250,850,Wall
260,850,Wall
270,850,Wall
280,850,Wall
290,850,Wall
300,850,Wall
310,850,Wall
320,850,Wall
330,850,Wall
340,850,Wall
350,850,Wall
360,850,Wall
370,850,Wall
380,850,Wall
390,850,Wall
400,850,Wall
410,850,Wall
420,850,Wall
430,850,Wall
440,850,Wall
450,850,Wall
460,850,Wall
470,850,Wall
480,850,Wall
490,850,Wall
500,850,Wall
510,850,Wall
520,850,Wall
530,850,Wall
540,850,Wall
550,850,Wall
560,850,Wall
570,850,Wall
580,850,Wall
590,850,Wall
600,850,Wall
610,850,Wall
620,850,Wall
630,850,Wall
640,850,Wall
650,850,Wall
660,850,Wall
670,850,Wall
680,850,Wall
690,850,Wall
700,850,Wall
710,850,Wall
720,850,Wall
730,850,Wall
740,850,Wall
750,850,Wall
760,850,Wall
770,850,Wall
780,850,Wall
790,850,Wall
800,850,Wall
810,850,Wall
820,850,Wall
830,850,Wall
840,850,Wall
850,850,Wall
860,850,Wall
870,850,Wall
880,850,Wall
890,850,Wall
900,850,Wall
910,850,Wall
920,850,Wall
930,850,Wall
940,850,Wall
950,850,Wall
960,850,Wall
970,850,Wall
980,850,Wall
990,850,Wall
1000,850,Wall
1010,850,Wall
1020,850,Wall
1030,850,Wall
1040,850,Wall
1050,850,Wall
1060,850,Wall
1070,850,Wall
1080,850,Wall
1090,850,Wall
1100,850,Wall
1110,850,Wall
1120,850,Wall
1130,850,Wall
1140,850,Wall
1150,850,Wall
1160,850,Wall
1170,850,Wall
1180,850,Wall
1190,850,Wall
1200,850,Wall
1210,850,Wall
1220,850,Wall
1230,850,Wall
1240,850,Wall
1250,850,Wall
1260,850,Wall
1270,850,Wall
1280,850,Wall
1290,850,Wall
1300,850,Wall
1310,850,Wall
1320,850,Wall
1330,850,Wall
1340,850,Wall
1350,850,Wall
1360,850,Wall
1370,850,Wall
1380,850,Wall
1390,850,Wall
1400,850,Wall
1410,850,Wall
1420,850,Wall
1430,850,Wall
1440,850,Wall
1450,850,Wall
1460,850,Wall
1470,850,Wall
1480,850,Wall
1490,850,Wall
1500,850,Wall
1510,850,Wall
1520,850,Wall
1530,850,Wall
1540,850,Wall
1550,850,Wall
1560,850,Wall
1570,850,Wall
1580,850,Wall
1590,850,Wall
0,860,Wall
10,860,Wall
20,860,Wall
30,860,Wall
40,860,Wall
50,860,Wall
60,860,Wall
70,860,Wall
80,860,Wall
90,860,Wall
100,860,Wall
110,860,Wall
120,860,Wall
130,860,Wall
140,860,Wall
150,860,Wall
160,860,Wall
170,860,Wall
180,860,Wall
190,860,Wall
200,860,Wall
210,860,Wall
220,860,Wall
230,860,Wall
240,860,Wall
250,860,Wall
260,860,Wall
270,860,Wall
280,860,Wall
290,860,Wall
300,860,Wall
310,860,Wall
320,860,Wall
330,860,Wall
340,860,Wall
350,860,Wall
360,860,Wall
370,860,Wall
380,860,Wall
390,860,Wall
400,860,Wall
410,860,Wall
420,860,Wall
430,860,Wall
440,860,Wall
450,860,Wall
460,860,Wall
470,860,Wall
480,860,Wall
490,860,Wall
500,860,Wall
510,860,Wall
520,860,Wall
530,860,Wall
540,860,Wall
550,860,Wall
560,860,Wall
570,860,Wall
580,860,Wall
590,860,Wall
600,860,Wall
610,860,Wall
620,860,Wall
630,860,Wall
640,860,Wall
650,860,Wall
660,860,Wall
670,860,Wall
680,860,Wall
690,860,Wall
700,860,Wall
710,860,Wall
720,860,Wall
730,860,Wall
740,860,Wall
750,860,Wall
760,860,Wall
770,860,Wall
780,860,Wall
790,860,Wall
800,860,Wall
810,860,Wall
820,860,Wall
830,860,Wall
840,860,Wall
850,860,Wall
860,860,Wall
870,860,Wall
880,860,Wall
890,860,Wall
900,860,Wall
910,860,Wall
920,860,Wall
930,860,Wall
940,860,Wall
950,860,Wall
960,860,Wall
970,860,Wall
980,860,Wall
990,860,Wall
1000,860,Wall
1010,860,Wall
1020,860,Wall
1030,860,Wall
1040,860,Wall
1050,860,Wall
1060,860,Wall
1070,860,Wall
1080,860,Wall
1090,860,Wall
1100,860,Wall
1110,860,Wall
1120,860,Wall
1130,860,Wall
1140,860,Wall
1150,860,Wall
1160,860,Wall
1170,860,Wall
1180,860,Wall
1190,860,Wall
1200,860,Wall
1210,860,Wall
1220,860,Wall
1230,860,Wall
1240,860,Wall
1250,860,Wall
1260,860,Wall
1270,860,Wall
1280,860,Wall
1290,860,Wall
1300,860,Wall
1310,860,Wall
1320,860,Wall
1330,860,Wall
1340,860,Wall
1350,860,Wall
1360,860,Wall
1370,860,Wall
1380,860,Wall
1390,860,Wall
1400,860,Wall
1410,860,Wall
1420,860,Wall
1430,860,Wall
1440,860,Wall
1450,860,Wall
1460,860,Wall
1470,860,Wall
1480,860,Wall
1490,860,Wall
1500,860,Wall
1510,860,Wall
1520,860,Wall
1530,860,Wall
1540,860,Wall
1550,860,Wall
1560,860,Wall
1570,860,Wall
1580,860,Wall
1590,860,Wall
0,870,Wall
10,870,Wall
20,870,Wall
30,870,Wall
40,870,Wall
50,870,Wall
60,870,Wall
70,870,Wall
80,870,Wall
90,870,Wall
100,870,Wall
110,870,Wall
120,870,Wall
130,870,Wall
140,870,Wall
150,870,Wall
160,870,Wall
170,870,Wall
180,870,Wall
190,870,Wall
200,870,Wall
210,870,Wall
220,870,Wall
230,870,Wall
240,870,Wall
250,870,Wall
260,870,Wall
270,870,Wall
280,870,Wall
290,870,Wall
300,870,Wall
310,870,Wall
320,870,Wall
330,870,Wall
340,870,Wall
350,870,Wall
360,870,Wall
370,870,Wall
380,870,Wall
390,870,Wall
400,870,Wall
410,870,Wall
420,870,Wall
430,870,Wall
440,870,Wall
450,870,Wall
460,870,Wall
470,870,Wall
480,870,Wall
490,870,Wall
500,870,Wall
510,870,Wall
520,870,Wall
530,870,Wall
540,870,Wall
550,870,Wall
560,870,Wall
570,870,Wall
580,870,Wall
590,870,Wall
600,870,Wall
610,870,Wall
620,870,Wall
630,870,Wall
640,870,Wall
650,870,Wall
660,870,Wall
670,870,Wall
680,870,Wall
690,870,Wall
700,870,Wall
710,870,Wall
720,870,Wall
730,870,Wall
740,870,Wall
750,870,Wall
760,870,Wall
770,870,Wall
780,870,Wall
790,870,Wall
800,870,Wall
810,870,Wall
820,870,Wall
830,870,Wall
840,870,Wall
850,870,Wall
860,870,Wall
870,870,Wall
880,870,Wall
890,870,Wall
900,870,Wall
910,870,Wall
920,870,Wall
930,870,Wall
940,870,Wall
950,870,Wall
960,870,Wall
970,870,Wall
980,870,Wall
990,870,Wall
1000,870,Wall
1010,870,Wall
1020,870,Wall
1030,870,Wall
1040,870,Wall
1050,870,Wall
1060,870,Wall
1070,870,Wall
1080,870,Wall
1090,870,Wall
1100,870,Wall
1110,870,Wall
1120,870,Wall
1130,870,Wall
1140,870,Wall
1150,870,Wall
1160,870,Wall
1170,870,Wall
1180,870,Wall
1190,870,Wall
1200,870,Wall
1210,870,Wall
1220,870,Wall
1230,870,Wall
1240,870,Wall
1250,870,Wall
1260,870,Wall
1270,870,Wall
1280,870,Wall
1290,870,Wall
1300,870,Wall
1310,870,Wall
1320,870,Wall
1330,870,Wall
1340,870,Wall
1350,870,Wall
1360,870,Wall
1370,870,Wall
1380,870,Wall
1390,870,Wall
1400,870,Wall
1410,870,Wall
1420,870,Wall
1430,870,Wall
1440,870,Wall
1450,870,Wall
1460,870,Wall
1470,870,Wall
1480,870,Wall
1490,870,Wall
1500,870,Wall
1510,870,Wall
1520,870,Wall
1530,870,Wall
1540,870,Wall
1550,870,Wall
1560,870,Wall
1570,870,Wall
1580,870,Wall
1590,870,Wall
0,880,Wall
10,880,Wall
20,880,Wall
30,880,Wall
40,880,Wall
50,880,Wall
60,880,Wall
70,880,Wall
80,880,Wall
90,880,Wall
100,880,Wall
110,880,Wall
120,880,Wall
130,880,Wall
140,880,Wall
150,880,Wall
160,880,Wall
170,880,Wall
180,880,Wall
190,880,Wall
200,880,Wall
210,880,Wall
220,880,Wall
230,880,Wall
240,880,Wall
250,880,Wall
260,880,Wall
270,880,Wall
280,880,Wall
290,880,Wall
300,880,Wall
310,880,Wall
320,880,Wall
330,880,Wall
340,880,Wall
350,880,Wall
360,880,Wall
370,880,Wall
380,880,Wall
390,880,Wall
400,880,Wall
410,880,Wall
420,880,Wall
430,880,Wall
440,880,Wall
450,880,Wall
460,880,Wall
470,880,Wall
480,880,Wall
490,880,Wall
500,880,Wall
510,880,Wall
520,880,Wall
530,880,Wall
540,880,Wall
550,880,Wall
560,880,Wall
570,880,Wall
580,880,Wall
590,880,Wall
600,880,Wall
610,880,Wall
620,880,Wall
630,880,Wall
640,880,Wall
650,880,Wall
660,880,Wall
670,880,Wall
680,880,Wall
690,880,Wall
700,880,Wall
710,880,Wall
720,880,Wall
730,880,Wall
740,880,Wall
750,880,Wall
760,880,Wall
770,880,Wall
780,880,Wall
790,880,Wall
800,880,Wall
810,880,Wall
820,880,Wall
830,880,Wall
840,880,Wall
850,880,Wall
860,880,Wall
870,880,Wall
880,880,Wall
890,880,Wall
900,880,Wall
910,880,Wall
920,880,Wall
930,880,Wall
940,880,Wall
950,880,Wall
960,880,Wall
970,880,Wall
980,880,Wall
990,880,Wall
1000,880,Wall
1010,880,Wall
1020,880,Wall
1030,880,Wall
1040,880,Wall
1050,880,Wall
1060,880,Wall
1070,880,Wall
1080,880,Wall
1090,880,Wall
1100,880,Wall
1110,880,Wall
1120,880,Wall
1130,880,Wall
1140,880,Wall
1150,880,Wall
1160,880,Wall
1170,880,Wall
1180,880,Wall
1190,880,Wall
1200,880,Wall
1210,880,Wall
1220,880,Wall
1230,880,Wall
1240,880,Wall
1250,880,Wall
1260,880,Wall
1270,880,Wall
1280,880,Wall
1290,880,Wall
1300,880,Wall
1310,880,Wall
1320,880,Wall
1330,880,Wall
1340,880,Wall
1350,880,Wall
1360,880,Wall
1370,880,Wall
1380,880,Wall
1390,880,Wall
1400,880,Wall
1410,880,Wall
1420,880,Wall
1430,880,Wall
1440,880,Wall
1450,880,Wall
1460,880,Wall
1470,880,Wall
1480,880,Wall
1490,880,Wall
1500,880,Wall
1510,880,Wall
1520,880,Wall
1530,880,Wall
1540,880,Wall
1550,880,Wall
1560,880,Wall
1570,880,Wall
1580,880,Wall
1590,880,Wall
0,890,Wall
10,890,Wall
20,890,Wall
30,890,Wall
40,890,Wall
50,890,Wall
60,890,Wall
70,890,Wall
80,890,Wall
90,890,Wall
100,890,Wall
110,890,Wall
120,890,Wall
130,890,Wall
140,890,Wall
150,890,Wall
160,890,Wall
170,890,Wall
180,890,Wall
190,890,Wall
200,890,Wall
210,890,Wall
220,890,Wall
230,890,Wall
240,890,Wall
250,890,Wall
260,890,Wall
270,890,Wall
280,890,Wall
290,890,Wall
300,890,Wall
310,890,Wall
320,890,Wall
330,890,Wall
340,890,Wall
350,890,Wall
360,890,Wall
370,890,Wall
380,890,Wall
390,890,Wall
400,890,Wall
410,890,Wall
420,890,Wall
430,890,Wall
440,890,Wall
450,890,Wall
460,890,Wall
470,890,Wall
480,890,Wall
490,890,Wall
500,890,Wall
510,890,Wall
520,890,Wall
530,890,Wall
540,890,Wall
550,890,Wall
560,890,Wall
570,890,Wall
580,890,Wall
590,890,Wall
600,890,Wall
610,890,Wall
620,890,Wall
630,890,Wall
640,890,Wall
650,890,Wall
660,890,Wall
670,890,Wall
680,890,Wall
690,890,Wall
700,890,Wall
710,890,Wall
720,890,Wall
730,890,Wall
740,890,Wall
750,890,Wall
760,890,Wall
770,890,Wall
780,890,Wall
790,890,Wall
800,890,Wall
810,890,Wall
820,890,Wall
830,890,Wall
840,890,Wall
850,890,Wall
860,890,Wall
870,890,Wall
880,890,Wall
890,890,Wall
900,890,Wall
910,890,Wall
920,890,Wall
930,890,Wall
940,890,Wall
950,890,Wall
960,890,Wall
970,890,Wall
980,890,Wall
990,890,Wall
1000,890,Wall
1010,890,Wall
1020,890,Wall
1030,890,Wall
1040,890,Wall
1050,890,Wall
1060,890,Wall
1070,890,Wall
1080,890,Wall
1090,890,Wall
1100,890,Wall
1110,890,Wall
1120,890,Wall
1130,890,Wall
1140,890,Wall
1150,890,Wall
1160,890,Wall
1170,890,Wall
1180,890,Wall
1190,890,Wall
1200,890,Wall
1210,890,Wall
1220,890,Wall
1230,890,Wall
1240,890,Wall
1250,890,Wall
1260,890,Wall
1270,890,Wall
1280,890,Wall
1290,890,Wall
1300,890,Wall
1310,890,Wall
1320,890,Wall
1330,890,Wall
1340,890,Wall
1350,890,Wall
1360,890,Wall
1370,890,Wall
1380,890,Wall
1390,890,Wall
1400,890,Wall
1410,890,Wall
1420,890,Wall
1430,890,Wall
1440,890,Wall
1450,890,Wall
1460,890,Wall
1470,890,Wall
1480,890,Wall
1490,890,Wall
1500,890,Wall
1510,890,Wall
1520,890,Wall
1530,890,Wall
1540,890,Wall
1550,890,Wall
1560,890,Wall
1570,890,Wall
1580,890,Wall
1590,890,Wall
